change_id,repo,repo_has_prod_environment,pr_state,originated_as_draft,author,author_is_bot,contributors,reviewers,human_reviewer_count,bot_reviewer_count,commit_count,commits_truncated,additions,deletions,first_commit_at,last_commit_at,last_work_commit_at,ready_at,merged_at,deployed_at,time_to_develop_h,time_to_review_h,lead_time_h,dev_window_h,time_to_develop_biz_h,time_to_review_biz_h,lead_time_biz_h,dev_window_biz_h,trailing_sync_commits,post_ready_work_commits,committed_after_ready,force_push_count,develop_unmeasurable,develop_unmeasurable_reason
1,repo-01,False,MERGED,False,person-01,False,person-01,,0,0,5,False,816,1195,2025-12-08T06:45:04Z,2026-05-14T12:56:08Z,2026-05-14T12:56:08Z,2025-12-08T06:46:11Z,2026-05-29T08:19:04Z,,0.0186,4129.5481,,3774.1844,0.0,1054.0,,960.5,0,4,True,1,False,
2,repo-02,False,MERGED,False,person-02,True,person-02,,0,0,1,False,5,5,2026-02-26T07:52:57Z,2026-02-26T07:52:57Z,2026-02-26T07:52:57Z,2026-02-26T07:52:58Z,2026-08-21T06:13:11Z,,0.0003,4222.3369,,0.0,0.0,1069.7197,,0.0,0,0,False,0,False,
3,repo-02,False,MERGED,False,person-02,True,person-02,,0,0,1,False,3,3,2026-03-01T13:42:36Z,2026-03-01T13:42:36Z,2026-03-01T13:42:36Z,2026-03-01T13:42:36Z,2026-08-21T06:12:58Z,,0.0,4144.5061,,0.0,0.0,1061.2161,,0.0,0,0,False,0,False,
4,repo-02,False,MERGED,False,person-02,True,person-02,,0,0,1,False,3,3,2026-03-26T12:58:01Z,2026-03-26T12:58:01Z,2026-03-26T12:58:01Z,2026-03-26T12:58:02Z,2026-08-21T06:12:45Z,,0.0003,3545.2453,,0.0,0.0,899.7125,,0.0,0,0,False,0,False,
5,repo-02,False,MERGED,False,person-02,True,person-02,,0,0,1,False,3,3,2026-03-29T18:44:20Z,2026-03-29T18:44:20Z,2026-03-29T18:44:20Z,2026-03-29T18:44:21Z,2026-08-21T06:12:27Z,,0.0003,3467.4683,,0.0,0.0,891.2075,,0.0,0,0,False,0,False,
6,repo-03,True,MERGED,False,person-03,False,person-03,person-01;person-04,1,1,4,False,504,21,2026-04-30T01:12:07Z,2026-06-01T05:05:28Z,2026-06-01T05:05:28Z,2026-04-30T04:27:57Z,2026-06-02T05:26:24Z,2026-07-02T00:22:39Z,3.2639,792.9742,714.9375,771.8892,3.2639,196.4742,181.9375,190.8892,0,2,True,2,False,
7,repo-03,True,MERGED,False,person-05,False,person-05;person-06,person-04;person-07,1,1,8,False,252,0,2026-05-11T12:43:21Z,2026-06-01T01:46:44Z,2026-06-01T01:38:31Z,2026-05-11T12:59:52Z,2026-06-01T01:52:43Z,2026-07-02T00:22:39Z,0.2753,492.8808,742.4989,492.9194,0.0,121.8786,193.9989,121.6419,1,4,True,0,False,
8,repo-03,True,MERGED,False,person-03,False,person-03,person-01;person-04,1,1,2,False,115,39,2026-05-21T23:55:57Z,2026-06-01T00:42:27Z,2026-05-21T23:55:57Z,2026-05-22T00:13:34Z,2026-06-01T00:51:03Z,2026-07-02T00:22:39Z,0.2936,240.6247,743.5267,0.0,0.2936,51.6247,195.0267,0.0,1,0,False,0,False,
9,repo-03,True,MERGED,True,person-08,False,person-08,person-03;person-04;person-09,1,2,16,False,1720,1678,2026-05-22T08:01:10Z,2026-06-03T00:28:37Z,2026-06-01T23:17:14Z,2026-05-25T04:38:17Z,2026-06-03T00:40:25Z,2026-07-02T00:22:39Z,68.6186,212.0356,695.7039,255.2678,5.6381,55.5356,178.2039,51.2872,2,3,True,0,False,
10,repo-03,True,MERGED,True,person-07,False,person-07,person-04;person-05,1,1,4,False,291,0,2026-05-25T06:35:28Z,2026-05-29T03:23:43Z,2026-05-27T07:26:29Z,2026-05-27T07:15:22Z,2026-05-29T03:29:19Z,2026-07-02T00:22:39Z,48.665,44.2325,812.8889,48.8503,17.665,13.2325,200.8889,17.8503,1,1,True,0,False,
11,repo-03,True,OPEN,True,person-01,False,person-01,person-04,0,1,28,False,269,18,2026-05-27T04:46:35Z,2026-08-24T08:12:19Z,2026-08-24T08:12:19Z,2026-05-29T05:24:04Z,,,48.6247,,,2139.4289,17.6247,,,538.2236,0,1,True,7,False,
12,repo-04,False,OPEN,True,person-01,False,person-01,,0,0,5,False,18,17,2026-05-27T05:02:34Z,2026-06-10T07:52:48Z,2026-06-10T07:52:48Z,,,,,,,338.8372,,,,87.4572,0,0,False,1,False,
13,repo-03,True,MERGED,False,person-10,False,person-10,person-04;person-07,1,1,14,False,1617,19,2026-05-28T03:54:38Z,2026-06-01T03:34:26Z,2026-06-01T03:34:26Z,2026-05-28T04:08:08Z,2026-06-01T03:41:39Z,2026-07-02T00:22:39Z,0.225,95.5586,740.6833,95.6633,0.225,16.5586,192.1833,16.6633,0,13,True,6,False,
14,repo-03,True,MERGED,True,person-08,False,person-06;person-08,person-04;person-05,1,1,6,False,30,27,2026-05-28T08:37:39Z,2026-05-29T05:50:20Z,2026-05-29T05:50:20Z,2026-05-29T05:41:02Z,2026-05-29T06:05:31Z,2026-07-02T00:22:39Z,21.0564,0.4081,810.2856,21.2114,6.6839,0.4081,198.2856,6.8389,0,2,True,0,False,
15,repo-03,True,MERGED,False,person-01,False,person-01;person-06,person-04;person-07,1,1,4,False,488,252,2026-05-29T04:06:06Z,2026-06-01T22:23:54Z,2026-06-01T22:23:54Z,2026-05-29T04:07:37Z,2026-06-01T23:08:44Z,2026-07-02T00:22:39Z,0.0253,91.0186,721.2319,90.2967,0.0253,12.0186,188.2319,11.8983,0,3,True,4,False,
16,repo-03,True,MERGED,False,person-01,False,person-01,person-04;person-08,1,1,1,False,2,2,2026-05-29T05:19:02Z,2026-05-29T05:19:02Z,2026-05-29T05:19:02Z,2026-05-29T05:20:42Z,2026-05-29T05:35:09Z,2026-07-02T00:22:39Z,0.0278,0.2408,810.7917,0.0,0.0278,0.2408,198.7917,0.0,0,0,False,0,False,
17,repo-03,True,MERGED,False,person-01,False,person-01,person-04;person-05;person-07;person-10,3,1,5,False,53,3028,2026-05-29T07:50:45Z,2026-06-10T04:47:55Z,2026-06-10T04:47:55Z,2026-05-29T07:51:18Z,2026-06-10T04:55:14Z,2026-07-02T00:22:39Z,0.0092,285.0656,523.4569,284.9528,0.0,65.4206,131.4569,65.2986,0,4,True,5,False,
18,repo-01,False,MERGED,False,person-02,True,person-02,person-01,1,0,1,False,49,34,2026-05-29T08:22:41Z,2026-05-29T08:22:41Z,2026-05-29T08:22:41Z,2026-05-29T08:22:42Z,2026-05-29T08:29:08Z,,0.0003,0.1072,,0.0,0.0,0.0,,0.0,0,0,False,0,False,
19,repo-03,True,MERGED,False,person-03,False,person-03,person-04;person-05;person-08,2,1,1,False,255,1,2026-06-01T01:58:08Z,2026-06-01T01:58:08Z,2026-06-01T01:58:08Z,2026-06-01T02:05:19Z,2026-06-03T23:15:17Z,2026-07-02T00:22:39Z,0.1197,69.1661,673.1228,0.0,0.1197,22.6661,171.1228,0.0,0,0,False,1,False,
20,repo-03,True,MERGED,True,person-01,False,person-01,person-04;person-08,1,1,10,False,304,407,2026-06-01T05:56:54Z,2026-06-02T01:50:23Z,2026-06-02T01:50:23Z,2026-06-01T07:24:43Z,2026-06-10T04:31:39Z,2026-07-02T00:22:39Z,1.4636,213.1156,523.85,19.8914,1.4636,56.6156,131.85,4.3914,0,6,True,4,False,
21,repo-03,True,MERGED,True,person-10,False,person-10,person-03;person-04,1,1,3,False,183,2,2026-06-04T01:40:16Z,2026-06-05T00:39:21Z,2026-06-05T00:39:21Z,2026-06-05T00:21:18Z,2026-06-09T01:14:06Z,2026-07-02T00:22:39Z,22.6839,96.88,551.1425,22.9847,7.1839,17.88,143.6425,7.4847,0,1,True,0,False,
22,repo-03,True,MERGED,True,person-01,False,person-01;person-06,person-04;person-11,1,1,27,False,521,391,2026-06-04T02:19:55Z,2026-06-19T04:01:15Z,2026-06-19T04:01:15Z,2026-06-11T03:33:34Z,2026-06-19T04:10:43Z,2026-07-02T00:22:39Z,169.2275,192.6192,308.1989,361.6889,43.7275,51.6192,72.6989,95.1889,0,4,True,3,False,
23,repo-03,True,MERGED,True,person-07,False,person-07,person-04;person-05;person-08;person-10,3,1,9,False,331,1,2026-06-09T04:06:10Z,2026-06-10T01:29:09Z,2026-06-10T01:29:09Z,2026-06-09T07:37:31Z,2026-06-10T01:52:39Z,2026-07-02T00:22:39Z,3.5225,18.2522,526.5,21.3831,3.3972,2.8775,134.5,5.8831,0,3,True,0,False,
24,repo-03,True,MERGED,False,person-07,False,person-07,person-01;person-04,1,1,2,False,54,60,2026-06-10T04:53:32Z,2026-06-10T05:16:16Z,2026-06-10T04:53:32Z,2026-06-10T04:55:33Z,2026-06-10T05:23:15Z,2026-07-02T00:22:39Z,0.0336,0.4617,522.99,0.0,0.0336,0.4617,130.99,0.0,1,0,False,0,False,
25,repo-03,True,MERGED,False,person-07,False,person-07,person-04;person-10,1,1,1,False,6,8,2026-06-10T05:43:51Z,2026-06-10T05:43:51Z,2026-06-10T05:43:51Z,2026-06-10T05:45:10Z,2026-06-10T05:50:37Z,2026-07-02T00:22:39Z,0.0219,0.0908,522.5339,0.0,0.0219,0.0908,130.5339,0.0,0,0,False,0,False,
26,repo-03,True,MERGED,False,person-07,False,person-07,person-01;person-04;person-08,2,1,3,False,160,75,2026-06-10T08:20:31Z,2026-06-23T01:46:06Z,2026-06-23T01:46:06Z,2026-06-10T08:23:56Z,2026-06-23T02:04:30Z,2026-07-02T00:22:39Z,0.0569,305.6761,214.3025,305.4264,0.0,71.075,57.8025,70.7683,0,2,True,2,False,
27,repo-03,True,MERGED,False,person-03,False,person-03;person-06,person-04;person-05,1,1,7,False,75,49,2026-06-11T00:58:35Z,2026-06-23T03:08:16Z,2026-06-12T03:05:58Z,2026-06-11T01:00:06Z,2026-06-23T03:24:54Z,2026-07-02T00:22:39Z,0.0253,290.4133,212.9625,26.1231,0.0253,70.4133,56.4625,10.6231,1,5,True,0,False,
28,repo-03,True,MERGED,False,person-01,False,person-01,person-04;person-05;person-08,2,1,2,False,193,93,2026-06-12T03:58:04Z,2026-06-22T01:44:34Z,2026-06-22T01:44:34Z,2026-06-12T03:59:36Z,2026-06-22T23:57:55Z,2026-07-02T00:22:39Z,0.0256,259.9719,216.4122,237.775,0.0256,55.4719,59.9122,48.775,0,1,True,5,False,
29,repo-03,True,MERGED,False,person-03,False,person-03,person-04;person-10,1,1,1,False,1378,5,2026-06-15T04:33:06Z,2026-06-15T04:33:06Z,2026-06-15T04:33:06Z,2026-06-15T04:36:54Z,2026-06-15T06:30:59Z,,0.0633,1.9014,,0.0,0.0633,1.9014,,0.0,0,0,False,0,False,
30,repo-03,True,MERGED,False,person-03,False,person-03;person-05;person-07;person-10,person-04;person-07;person-09;person-10,2,2,32,False,7066,141,2026-06-15T06:30:58Z,2026-07-06T05:56:04Z,2026-07-06T05:56:04Z,2026-06-23T03:34:21Z,2026-07-06T23:08:45Z,2026-07-17T01:30:15Z,189.0564,331.5733,242.3583,503.4183,48.0564,80.5733,70.3583,126.9183,0,30,True,5,False,
31,repo-03,True,MERGED,False,person-03,False,person-03;person-05,person-05;person-10,2,0,9,False,589,96,2026-06-15T06:30:58Z,2026-06-25T07:00:04Z,2026-06-25T07:00:04Z,2026-06-18T23:36:23Z,2026-06-25T07:22:36Z,,89.0903,151.7703,,240.485,27.0903,41.7703,,68.485,0,6,True,1,False,
32,repo-03,True,MERGED,False,person-03,False,person-03,person-04;person-05,1,1,2,False,203,1,2026-06-15T07:04:39Z,2026-06-16T00:50:23Z,2026-06-16T00:50:23Z,2026-06-15T07:07:23Z,2026-06-16T23:40:57Z,,0.0456,40.5594,,17.7622,0.0456,9.5594,,2.2622,0,1,True,0,False,
33,repo-03,True,MERGED,False,person-07,False,person-07,person-04;person-05,1,1,4,False,197,23,2026-06-15T07:29:55Z,2026-06-15T08:12:08Z,2026-06-15T08:12:08Z,2026-06-15T07:35:05Z,2026-06-19T01:54:36Z,2026-07-02T00:22:39Z,0.0861,90.3253,310.4675,0.7036,0.0014,28.41,74.9675,0.0014,0,2,True,0,False,
34,repo-03,True,MERGED,False,person-03,False,person-03;person-10,,0,0,7,False,3356,239,2026-06-18T23:27:39Z,2026-06-25T04:32:41Z,2026-06-25T04:32:41Z,2026-06-23T06:15:51Z,2026-06-25T07:27:58Z,,102.8033,49.2019,,149.0839,23.8033,18.2019,,39.0839,0,4,True,1,False,
35,repo-03,True,MERGED,True,person-10,False,person-03;person-10,person-04;person-05;person-07,2,1,5,False,1914,72,2026-06-18T23:27:39Z,2026-06-24T06:39:44Z,2026-06-24T06:39:44Z,2026-06-25T00:59:26Z,2026-06-25T07:23:22Z,,145.5297,6.3989,,127.2014,35.5297,6.3989,,32.7014,0,0,False,1,False,
36,repo-03,True,MERGED,False,person-07,False,person-06;person-07,person-01;person-04,1,1,3,False,200,0,2026-06-19T01:58:03Z,2026-06-19T02:55:49Z,2026-06-19T02:55:49Z,2026-06-19T01:59:44Z,2026-06-19T03:38:57Z,2026-07-02T00:22:39Z,0.0281,1.6536,308.7283,0.9628,0.0281,1.6536,73.2283,0.9628,0,1,True,0,False,
37,repo-03,True,MERGED,True,person-01,False,person-01,person-04;person-05,1,1,2,False,102,0,2026-06-19T04:56:10Z,2026-06-24T00:19:01Z,2026-06-24T00:19:01Z,2026-06-24T00:15:48Z,2026-06-24T23:56:34Z,2026-07-02T00:22:39Z,115.3272,23.6794,168.4347,115.3808,20.8272,8.1794,42.9347,20.8808,0,1,True,3,False,
38,repo-03,True,MERGED,False,person-11,False,person-11,person-04;person-05,1,1,5,False,123,0,2026-06-19T04:57:16Z,2026-06-23T00:39:41Z,2026-06-23T00:39:41Z,2026-06-22T05:00:55Z,2026-06-24T01:20:57Z,2026-07-02T00:22:39Z,72.0608,44.3339,191.0283,91.7069,8.5608,13.3339,50.0283,12.7069,0,2,True,2,False,
39,repo-03,True,MERGED,False,person-02,True,person-02,person-05,1,0,1,False,64,13,2026-06-19T19:36:23Z,2026-06-19T19:36:23Z,2026-06-19T19:36:23Z,2026-06-19T19:36:24Z,2026-06-22T11:27:35Z,2026-07-02T00:22:39Z,0.0003,63.8531,228.9178,0.0,0.0,8.5,60.8775,0.0,0,0,False,0,False,
40,repo-03,True,MERGED,False,person-01,False,person-01,person-04;person-05,1,1,1,False,104,1,2026-06-22T00:17:07Z,2026-06-22T00:17:07Z,2026-06-22T00:17:07Z,2026-06-22T00:22:17Z,2026-06-23T02:09:57Z,2026-07-02T00:22:39Z,0.0861,25.7944,214.2117,0.0,0.0861,10.2944,57.7117,0.0,0,0,False,1,False,
41,repo-03,True,MERGED,True,person-12,False,person-03;person-06;person-12,person-04;person-11,1,1,19,False,1072,388,2026-06-23T01:40:24Z,2026-07-07T00:30:02Z,2026-07-07T00:30:02Z,2026-07-03T07:05:14Z,2026-07-08T00:11:22Z,2026-07-17T01:30:15Z,245.4139,113.1022,217.3147,334.8272,73.4139,18.6022,60.8147,83.8272,0,5,True,3,False,
42,repo-03,True,MERGED,True,person-03,False,person-03;person-06,person-04;person-05;person-11;person-13,2,2,3,False,40,27,2026-06-23T01:57:37Z,2026-06-29T04:44:21Z,2026-06-29T04:44:21Z,2026-06-25T01:03:12Z,2026-06-29T04:47:46Z,,47.0931,99.7428,,146.7789,16.0931,20.7428,,36.7789,0,2,True,4,False,
43,repo-03,True,MERGED,True,person-03,False,person-03,person-05;person-11,2,0,6,False,134,128,2026-06-23T02:26:39Z,2026-06-30T03:46:32Z,2026-06-30T03:46:32Z,2026-06-29T05:06:01Z,2026-06-30T03:47:33Z,,146.6561,22.6922,,169.3314,36.6561,7.1922,,43.8314,0,3,True,7,False,
44,repo-03,True,MERGED,True,person-03,False,person-03,person-04;person-05;person-11,2,1,3,False,34,24,2026-06-23T02:29:49Z,2026-06-29T04:27:11Z,2026-06-29T04:27:11Z,2026-06-25T07:01:45Z,2026-06-29T23:21:54Z,,52.5322,112.3358,,145.9561,21.5322,17.8358,,35.9561,0,1,True,5,False,
45,repo-03,True,MERGED,True,person-03,False,person-03;person-06,person-04;person-05,1,1,9,False,120,78,2026-06-23T02:33:38Z,2026-06-29T23:29:24Z,2026-06-29T23:29:24Z,2026-06-25T07:27:42Z,2026-06-29T23:36:38Z,,52.9011,112.1489,,164.9294,21.9011,17.6489,,39.4294,0,7,True,5,False,
46,repo-03,True,MERGED,True,person-03,False,person-03,person-04,0,1,7,False,342,2,2026-06-23T02:38:16Z,2026-06-30T00:51:18Z,2026-06-30T00:51:18Z,2026-06-28T23:49:52Z,2026-06-30T00:54:01Z,,141.1933,25.0692,,166.2172,31.1933,9.5692,,40.7172,0,4,True,4,False,
47,repo-03,True,MERGED,False,person-02,True,person-02,person-01,1,0,1,False,1869,1913,2026-06-23T07:35:44Z,2026-06-23T07:35:44Z,2026-06-23T07:35:44Z,2026-06-22T12:01:28Z,2026-06-24T00:05:47Z,2026-07-02T00:22:39Z,,36.0719,192.2811,0.0,,9.5964,51.2811,0.0,0,1,True,2,True,branch history rewritten by force-push
48,repo-03,True,MERGED,False,person-11,False,person-11,person-04;person-05;person-10,2,1,10,False,31365,1,2026-06-24T03:02:39Z,2026-07-01T06:55:17Z,2026-07-01T06:55:17Z,2026-06-24T07:04:16Z,2026-07-02T01:54:54Z,2026-07-02T07:19:34Z,4.0269,186.8439,5.4111,171.8772,4.0269,45.8439,5.4111,46.3772,0,6,True,3,False,
49,repo-03,True,MERGED,False,person-02,True,person-02,person-01,1,0,1,False,38,38,2026-06-24T07:08:51Z,2026-06-24T07:08:51Z,2026-06-24T07:08:51Z,2026-06-24T07:08:52Z,2026-06-25T03:48:11Z,2026-07-02T00:22:39Z,0.0003,20.6553,164.5744,0.0,0.0003,5.1553,39.0744,0.0,0,0,False,1,False,
50,repo-03,True,MERGED,False,person-03,False,person-03,person-01;person-04;person-05;person-08;person-10;person-12,5,1,3,False,53,2,2026-06-24T23:31:55Z,2026-06-25T00:33:17Z,2026-06-25T00:33:17Z,2026-06-24T23:53:44Z,2026-07-02T06:19:18Z,2026-07-02T07:19:34Z,0.3636,174.4261,1.0044,1.0228,0.3636,48.9261,1.0044,1.0228,0,2,True,3,False,
51,repo-03,True,MERGED,False,person-11,False,person-11,person-04;person-08,1,1,8,False,909,640,2026-06-25T03:49:39Z,2026-07-02T00:40:07Z,2026-07-02T00:40:07Z,2026-06-30T22:48:21Z,2026-07-03T00:39:18Z,2026-07-07T00:25:18Z,138.9783,49.8492,95.7667,164.8411,29.1725,18.655,16.7667,39.3411,0,6,True,2,False,
52,repo-03,True,MERGED,False,person-02,True,person-02,person-01,1,0,1,False,13,6,2026-06-25T03:51:25Z,2026-06-25T03:51:25Z,2026-06-25T03:51:25Z,2026-06-24T07:11:17Z,2026-06-25T03:57:15Z,2026-07-02T00:22:39Z,,20.7661,164.4233,0.0,,5.2661,38.9233,0.0,0,1,True,1,True,branch history rewritten by force-push
53,repo-03,True,MERGED,False,person-02,True,person-02,person-01,1,0,1,False,15,21,2026-06-25T04:00:31Z,2026-06-25T04:00:31Z,2026-06-25T04:00:31Z,2026-06-24T07:10:34Z,2026-06-25T04:23:41Z,2026-07-02T00:22:39Z,,21.2186,163.9828,0.0,,5.7186,38.4828,0.0,0,1,True,2,True,branch history rewritten by force-push
54,repo-03,True,MERGED,False,person-02,True,person-02,person-01,1,0,1,False,31,57,2026-06-25T04:26:03Z,2026-06-25T04:26:03Z,2026-06-25T04:26:03Z,2026-06-24T07:11:54Z,2026-06-25T05:32:20Z,2026-07-02T00:22:39Z,,22.3406,162.8386,0.0,,6.8406,37.3386,0.0,0,1,True,3,True,branch history rewritten by force-push
55,repo-03,True,MERGED,False,person-02,True,person-02,person-01,1,0,1,False,122,249,2026-06-25T04:26:31Z,2026-06-25T04:26:31Z,2026-06-25T04:26:31Z,2026-06-24T07:09:48Z,2026-06-25T05:38:38Z,2026-07-02T00:22:39Z,,22.4806,162.7336,0.0,,6.9806,37.2336,0.0,0,1,True,4,True,branch history rewritten by force-push
56,repo-03,True,MERGED,False,person-07,False,person-07,person-01;person-04;person-05,2,1,4,False,470,472,2026-06-25T06:20:06Z,2026-06-26T00:37:24Z,2026-06-26T00:37:24Z,2026-06-25T07:02:44Z,2026-06-26T00:43:49Z,2026-07-02T00:22:39Z,0.7106,17.6847,143.6472,18.2883,0.7106,2.1847,33.6472,2.7883,0,1,True,0,False,
57,repo-03,True,MERGED,False,person-03,False,person-03,,0,0,3,False,7,7,2026-06-25T06:28:45Z,2026-06-25T06:38:51Z,2026-06-25T06:38:51Z,2026-06-25T06:37:47Z,2026-06-25T06:39:13Z,,0.1506,0.0239,,0.1683,0.1506,0.0239,,0.1683,0,1,True,0,False,
58,repo-03,True,MERGED,False,person-02,True,person-02,person-01,1,0,1,False,30,30,2026-06-25T07:08:48Z,2026-06-25T07:08:48Z,2026-06-25T07:08:48Z,2026-06-25T07:08:50Z,2026-06-26T02:10:05Z,2026-07-02T00:22:39Z,0.0006,19.0208,142.2094,0.0,0.0006,3.5208,32.2094,0.0,0,0,False,2,False,
59,repo-03,True,MERGED,False,person-02,True,person-02,person-01,1,0,1,False,6,6,2026-06-25T07:09:53Z,2026-06-25T07:09:53Z,2026-06-25T07:09:53Z,2026-06-25T07:09:54Z,2026-06-26T02:18:31Z,2026-07-02T00:22:39Z,0.0003,19.1436,142.0689,0.0,0.0003,3.6436,32.0689,0.0,0,0,False,3,False,
60,repo-03,True,MERGED,False,person-10,False,person-10,person-05,1,0,3,False,369,819,2026-06-26T00:30:53Z,2026-06-26T04:23:18Z,2026-06-26T04:23:18Z,2026-06-26T00:35:01Z,2026-06-26T04:54:41Z,,0.0689,4.3278,,3.8736,0.0689,4.3278,,3.8736,0,2,True,0,False,
61,repo-03,True,MERGED,False,person-07,False,person-07,person-01;person-04,1,1,1,False,1,1,2026-06-26T01:48:18Z,2026-06-26T01:48:18Z,2026-06-26T01:48:18Z,2026-06-26T01:48:58Z,2026-06-26T01:56:09Z,2026-07-02T00:22:39Z,0.0111,0.1197,142.4417,0.0,0.0111,0.1197,32.4417,0.0,0,0,False,0,False,
62,repo-04,False,MERGED,False,person-10,False,person-10,person-05,1,0,1,False,2,1,2026-06-26T06:20:49Z,2026-06-26T06:20:49Z,2026-06-26T06:20:49Z,2026-06-26T06:21:02Z,2026-06-26T06:21:43Z,,0.0036,0.0114,,0.0,0.0036,0.0114,,0.0,0,0,False,0,False,
63,repo-04,False,MERGED,False,person-10,False,person-10,person-05,1,0,1,False,4,1,2026-06-26T06:43:01Z,2026-06-26T06:43:01Z,2026-06-26T06:43:01Z,2026-06-26T06:43:24Z,2026-06-26T06:48:22Z,,0.0064,0.0828,,0.0,0.0064,0.0828,,0.0,0,0,False,0,False,
64,repo-04,False,MERGED,False,person-05,False,person-05,person-01,1,0,1,False,14,0,2026-06-29T00:08:05Z,2026-06-29T00:08:05Z,2026-06-29T00:08:05Z,2026-06-29T00:12:21Z,2026-06-29T00:31:53Z,,0.0711,0.3256,,0.0,0.0711,0.3256,,0.0,0,0,False,0,False,
65,repo-03,True,MERGED,True,person-08,False,person-01;person-05;person-06;person-08,person-01;person-04;person-05;person-11,3,1,20,False,980,0,2026-06-29T08:20:15Z,2026-07-09T23:24:33Z,2026-07-09T23:24:33Z,2026-07-01T04:58:42Z,2026-07-10T04:34:00Z,2026-07-19T23:08:25Z,44.6408,215.5883,234.5736,255.0717,14.4783,59.0883,45.5736,68.4092,0,6,True,3,False,
66,repo-03,True,MERGED,True,person-12,False,person-07;person-12,person-04;person-05;person-07,2,1,23,False,2910,3528,2026-06-30T00:24:47Z,2026-07-23T23:03:11Z,2026-07-23T07:03:14Z,2026-07-15T01:01:33Z,2026-07-24T01:28:41Z,2026-08-07T06:14:51Z,360.6128,216.4522,340.7694,558.6408,94.1128,59.9522,89.7694,151.1408,1,11,True,6,False,
67,repo-03,True,MERGED,False,person-03,False,person-03,,0,0,1,False,22,17,2026-06-30T01:02:31Z,2026-06-30T01:02:31Z,2026-06-30T01:02:31Z,2026-06-30T01:03:11Z,2026-06-30T01:05:05Z,,0.0111,0.0317,,0.0,0.0111,0.0317,,0.0,0,0,False,0,False,
68,repo-03,True,MERGED,True,person-01,False,person-01,person-04;person-05;person-07;person-12,3,1,1,False,6,0,2026-06-30T01:53:23Z,2026-06-30T01:53:23Z,2026-06-30T01:53:23Z,2026-06-30T03:25:19Z,2026-07-01T06:19:32Z,2026-07-02T07:19:34Z,1.5322,26.9036,25.0006,0.0,1.5322,11.4036,9.5006,0.0,0,0,False,0,False,
69,repo-03,True,MERGED,False,person-03,False,person-01;person-03,person-01;person-04,1,1,5,False,337,189,2026-06-30T03:36:04Z,2026-07-02T06:21:09Z,2026-07-02T06:21:09Z,2026-06-30T03:52:39Z,2026-07-02T06:28:31Z,,0.2764,50.5978,,50.7514,0.2764,19.5978,,19.7514,0,4,True,2,False,
70,repo-03,True,MERGED,True,person-11,False,person-11,person-01;person-04;person-05;person-08,3,1,27,False,1561,44,2026-07-01T03:45:18Z,2026-07-09T03:55:54Z,2026-07-09T03:55:54Z,2026-07-07T05:22:26Z,2026-07-09T23:50:09Z,2026-07-17T01:30:15Z,145.6189,66.4619,169.6683,192.1767,35.6189,19.9619,44.1683,51.1767,0,10,True,6,False,
71,repo-03,True,MERGED,False,person-01,False,person-01,person-04;person-10,1,1,1,False,13,1,2026-07-01T06:27:33Z,2026-07-01T06:27:33Z,2026-07-01T06:27:33Z,2026-07-01T06:29:32Z,2026-07-01T23:37:54Z,2026-07-02T07:19:34Z,0.0331,17.1394,7.6944,0.0,0.0331,1.6394,7.6944,0.0,0,0,False,0,False,
72,repo-05,False,MERGED,False,person-01,False,person-01,person-05,1,0,5,False,430,19,2026-07-02T04:48:11Z,2026-07-03T03:03:20Z,2026-07-03T03:03:20Z,2026-07-02T04:48:28Z,2026-07-03T04:18:21Z,,0.0047,23.4981,,22.2525,0.0047,7.9981,,6.7525,0,4,True,0,False,
73,repo-04,False,MERGED,False,person-05,False,person-05,person-01;person-07,2,0,8,False,127,20,2026-07-02T22:25:46Z,2026-07-03T00:07:38Z,2026-07-03T00:07:38Z,2026-07-02T22:35:44Z,2026-07-03T00:14:55Z,,0.1661,1.6531,,1.6978,0.0,1.2486,,1.1272,0,6,True,0,False,
74,repo-05,False,MERGED,False,person-05,False,person-05;person-06,person-01,1,0,6,False,213,0,2026-07-03T00:42:25Z,2026-07-03T11:48:16Z,2026-07-03T01:15:41Z,2026-07-03T00:50:35Z,2026-07-05T23:47:51Z,,0.1361,70.9544,,0.5544,0.1361,7.4544,,0.5544,2,2,True,0,False,
75,repo-03,True,MERGED,False,person-02,True,person-02;person-05,person-07,1,0,3,False,1188,888,2026-07-03T01:04:38Z,2026-07-03T05:13:18Z,2026-07-03T05:07:45Z,2026-07-03T01:04:39Z,2026-07-03T06:20:32Z,2026-07-07T00:25:18Z,0.0003,5.2647,90.0794,4.0519,0.0003,5.2647,11.0794,4.0519,1,1,True,0,False,
76,repo-04,False,MERGED,False,person-05,False,person-05,person-01;person-07,2,0,1,False,6,6,2026-07-03T02:08:11Z,2026-07-03T02:08:11Z,2026-07-03T02:08:11Z,2026-07-03T02:08:44Z,2026-07-03T04:15:22Z,,0.0092,2.1106,,0.0,0.0092,2.1106,,0.0,0,0,False,0,False,
77,repo-03,True,MERGED,False,person-01,False,person-01,person-04;person-10,1,1,3,False,636,368,2026-07-03T02:14:56Z,2026-07-03T04:33:31Z,2026-07-03T04:33:31Z,2026-07-03T02:17:56Z,2026-07-03T05:01:06Z,2026-07-07T00:25:18Z,0.05,2.7194,91.4033,2.3097,0.05,2.7194,12.4033,2.3097,0,2,True,2,False,
78,repo-05,False,MERGED,False,person-01,False,person-01,person-05,1,0,1,False,59,28,2026-07-03T04:54:47Z,2026-07-03T04:54:47Z,2026-07-03T04:54:47Z,2026-07-03T04:55:06Z,2026-07-03T07:13:40Z,,0.0053,2.3094,,0.0,0.0053,2.3094,,0.0,0,0,False,0,False,
79,repo-01,False,MERGED,False,person-02,True,person-02;person-05,person-01,1,0,2,False,297,62,2026-07-03T20:58:58Z,2026-07-07T10:54:50Z,2026-07-07T10:54:50Z,2026-07-03T20:58:59Z,2026-07-08T08:07:54Z,,0.0003,107.1486,,85.9311,0.0,25.5,,17.0,0,1,True,0,False,
80,repo-05,False,MERGED,False,person-07,False,person-07,person-01,1,0,3,False,116,0,2026-07-05T23:49:11Z,2026-07-06T05:18:48Z,2026-07-06T05:17:43Z,2026-07-05T23:54:00Z,2026-07-06T23:51:58Z,,0.0803,23.9661,,5.4756,0.0803,8.4661,,5.4756,1,1,True,0,False,
81,repo-03,True,MERGED,False,person-11,False,person-11,person-04;person-10,1,1,1,False,20,2,2026-07-07T02:22:29Z,2026-07-07T02:22:29Z,2026-07-07T02:22:29Z,2026-07-09T05:26:09Z,2026-07-10T00:11:54Z,2026-07-17T01:30:15Z,51.0611,18.7625,169.3058,0.0,20.0611,3.2625,43.8058,0.0,0,0,False,2,False,
82,repo-05,False,MERGED,False,person-01,False,person-01,person-12,1,0,1,False,24,254,2026-07-07T02:54:23Z,2026-07-07T02:54:23Z,2026-07-07T02:54:23Z,2026-07-07T02:57:21Z,2026-07-07T04:11:17Z,,0.0494,1.2322,,0.0,0.0494,1.2322,,0.0,0,0,False,0,False,
83,repo-03,True,MERGED,False,person-10,False,person-01;person-10,person-01;person-04,1,1,4,False,128,0,2026-07-07T03:59:08Z,2026-07-07T06:44:43Z,2026-07-07T06:44:43Z,2026-07-07T04:14:48Z,2026-07-07T07:06:15Z,2026-07-17T01:30:15Z,0.2611,2.8575,234.4,2.7597,0.2611,2.8575,62.4,2.7597,0,3,True,2,False,
84,repo-03,True,MERGED,True,person-12,False,person-12,person-04;person-07,1,1,1,False,3,0,2026-07-07T04:02:35Z,2026-07-07T04:02:35Z,2026-07-07T04:02:35Z,2026-07-07T04:17:45Z,2026-07-07T04:30:28Z,2026-07-17T01:30:15Z,0.2528,0.2119,236.9964,0.0,0.2528,0.2119,64.9964,0.0,0,0,False,0,False,
85,repo-03,True,MERGED,False,person-05,False,person-05,person-04;person-10,1,1,5,False,36,9,2026-07-07T22:26:51Z,2026-07-08T01:52:02Z,2026-07-07T22:51:15Z,2026-07-07T22:27:33Z,2026-07-08T02:31:52Z,2026-07-17T01:30:15Z,0.0117,4.0719,214.9731,0.4067,0.0,3.5311,58.4731,0.0,1,3,True,0,False,
86,repo-04,False,MERGED,False,person-01,False,person-01,person-05,1,0,2,False,4,4,2026-07-08T04:49:32Z,2026-07-08T05:34:44Z,2026-07-08T05:34:44Z,2026-07-08T04:50:40Z,2026-07-09T00:10:18Z,,0.0189,19.3272,,0.7533,0.0189,3.8272,,0.7533,0,1,True,0,False,
87,repo-03,True,MERGED,False,person-01,False,person-01,person-04;person-05,1,1,2,False,566,1033,2026-07-08T05:23:02Z,2026-07-08T05:50:26Z,2026-07-08T05:50:26Z,2026-07-08T05:24:30Z,2026-07-08T09:02:24Z,2026-07-17T01:30:15Z,0.0244,3.6317,208.4642,0.4567,0.0244,2.0917,53.5042,0.4567,0,1,True,0,False,
88,repo-03,True,MERGED,False,person-01,False,person-01,person-04;person-08,1,1,1,False,6,1,2026-07-08T08:57:08Z,2026-07-08T08:57:08Z,2026-07-08T08:57:08Z,2026-07-08T09:00:37Z,2026-07-09T00:26:09Z,2026-07-17T01:30:15Z,0.0581,15.4256,193.0683,0.0,0.0,1.4358,52.0683,0.0,0,0,False,1,False,
89,repo-03,True,MERGED,False,person-01,False,person-01,person-04;person-05,1,1,2,False,395,439,2026-07-08T10:36:06Z,2026-07-09T00:51:23Z,2026-07-09T00:51:23Z,2026-07-08T10:36:55Z,2026-07-09T04:51:45Z,2026-07-17T01:30:15Z,0.0136,18.2472,188.6417,14.2547,0.0,5.8625,47.6417,1.8564,0,1,True,2,False,
90,repo-03,True,MERGED,False,person-05,False,person-05,person-04;person-10,1,1,3,False,30,25,2026-07-08T21:56:45Z,2026-07-09T00:36:10Z,2026-07-09T00:05:08Z,2026-07-08T21:58:51Z,2026-07-09T02:28:52Z,2026-07-17T01:30:15Z,0.035,4.5003,191.0231,2.1397,0.0,3.4811,50.0231,1.0856,1,1,True,0,False,
91,repo-03,True,MERGED,False,person-10,False,person-07;person-10,person-04;person-05;person-07,2,1,5,False,275,0,2026-07-09T05:37:18Z,2026-07-14T03:57:23Z,2026-07-13T07:14:49Z,2026-07-09T06:11:48Z,2026-07-14T04:03:29Z,2026-07-19T23:08:25Z,0.575,117.8614,139.0822,97.6253,0.575,23.3614,29.0822,18.6253,1,3,True,0,False,
92,repo-05,False,MERGED,False,person-10,False,person-10,person-05;person-07,2,0,5,False,178,0,2026-07-09T06:08:54Z,2026-07-10T06:49:08Z,2026-07-10T06:49:08Z,2026-07-09T06:12:33Z,2026-07-14T03:36:31Z,,0.0608,117.3994,,24.6706,0.0608,22.8994,,9.1706,0,4,True,0,False,
93,repo-03,True,MERGED,False,person-01,False,person-01,person-04;person-05,1,1,1,False,290,510,2026-07-09T07:07:32Z,2026-07-09T07:07:32Z,2026-07-09T07:07:32Z,2026-07-09T07:08:11Z,2026-07-09T22:38:25Z,2026-07-17T01:30:15Z,0.0108,15.5039,170.8639,0.0,0.0108,0.3636,45.0042,0.0,0,0,False,0,False,
94,repo-04,False,MERGED,True,person-01,False,person-01,person-05,1,0,3,False,867,67,2026-07-10T08:37:16Z,2026-07-10T10:06:15Z,2026-07-10T10:06:15Z,2026-07-13T23:37:52Z,2026-07-17T02:55:44Z,,87.01,75.2978,,1.4831,9.1311,28.7978,,0.0,0,0,False,5,False,
95,repo-03,True,MERGED,True,person-11,False,person-11,person-04;person-05,1,1,4,False,26,3,2026-07-12T23:14:02Z,2026-07-14T04:23:35Z,2026-07-14T04:23:35Z,2026-07-13T06:06:14Z,2026-07-14T22:26:42Z,2026-07-19T23:08:25Z,6.87,40.3411,120.6953,29.1592,6.87,9.8961,25.6403,13.6592,0,1,True,1,False,
96,repo-05,False,MERGED,False,person-01,False,person-01,person-07,1,0,4,False,1163,0,2026-07-12T23:51:55Z,2026-07-13T03:06:36Z,2026-07-13T02:38:43Z,2026-07-12T23:52:10Z,2026-07-14T03:37:02Z,,0.0042,27.7478,,2.78,0.0042,12.2478,,2.78,1,2,True,0,False,
97,repo-05,False,MERGED,True,person-07,False,person-07,person-05,1,0,2,False,426,0,2026-07-13T00:10:59Z,2026-07-13T02:32:34Z,2026-07-13T02:32:34Z,2026-07-13T02:32:53Z,2026-07-13T02:35:16Z,,2.365,0.0397,,2.3597,2.365,0.0397,,2.3597,0,0,False,0,False,
98,repo-04,False,MERGED,False,person-05,False,person-05,person-01,1,0,1,False,32,1,2026-07-13T00:24:25Z,2026-07-13T00:24:25Z,2026-07-13T00:24:25Z,2026-07-13T00:24:54Z,2026-07-13T03:05:32Z,,0.0081,2.6772,,0.0,0.0081,2.6772,,0.0,0,0,False,0,False,
99,repo-05,False,MERGED,False,person-07,False,person-07,person-01;person-05,2,0,1,False,96,0,2026-07-13T02:48:43Z,2026-07-13T02:48:43Z,2026-07-13T02:48:43Z,2026-07-13T02:51:06Z,2026-07-13T03:06:17Z,,0.0397,0.2531,,0.0,0.0397,0.2531,,0.0,0,0,False,0,False,
100,repo-03,True,MERGED,False,person-07,False,person-07,person-01;person-04,1,1,5,False,115,0,2026-07-13T04:53:02Z,2026-07-14T04:03:52Z,2026-07-14T02:53:27Z,2026-07-13T04:54:01Z,2026-07-14T04:10:44Z,2026-07-19T23:08:25Z,0.0164,23.2786,138.9614,22.0069,0.0164,7.7786,28.9614,6.5069,2,2,True,0,False,
101,repo-05,False,MERGED,False,person-07,False,person-07,person-05,1,0,4,False,670,0,2026-07-13T07:34:29Z,2026-07-14T02:44:34Z,2026-07-14T02:44:34Z,2026-07-13T07:40:07Z,2026-07-14T03:36:45Z,,0.0939,19.9439,,19.1681,0.0,4.6125,,3.7428,0,3,True,0,False,
102,repo-03,True,MERGED,False,person-05,False,person-05,person-04;person-10,1,1,4,False,1154,13,2026-07-13T07:47:36Z,2026-07-13T09:52:10Z,2026-07-13T09:52:10Z,2026-07-13T08:50:15Z,2026-07-14T02:58:15Z,2026-07-19T23:08:25Z,1.0442,18.1333,140.1694,2.0761,0.0,3.9708,30.1694,0.0,0,2,True,0,False,
103,repo-04,False,MERGED,False,person-05,False,person-05,person-01,1,0,1,False,5,1,2026-07-14T00:56:35Z,2026-07-14T00:56:35Z,2026-07-14T00:56:35Z,2026-07-14T00:57:05Z,2026-07-14T23:45:03Z,,0.0083,22.7994,,0.0,0.0083,7.2994,,0.0,0,0,False,0,False,
104,repo-03,True,MERGED,True,person-08,False,person-06;person-08,person-04;person-10,1,1,6,False,111,1,2026-07-14T02:08:57Z,2026-07-15T05:02:21Z,2026-07-15T05:02:21Z,2026-07-14T07:45:45Z,2026-07-15T07:17:26Z,2026-07-20T07:28:39Z,5.6133,23.5281,120.1869,26.89,5.3508,8.2906,25.6869,11.39,0,3,True,1,False,
105,repo-05,False,MERGED,False,person-01,False,person-01,person-05,1,0,1,False,291,334,2026-07-14T04:34:12Z,2026-07-14T04:34:12Z,2026-07-14T04:34:12Z,2026-07-14T04:34:32Z,2026-07-17T03:24:51Z,,0.0056,70.8386,,0.0,0.0056,24.3386,,0.0,0,0,False,1,False,
106,repo-03,True,MERGED,True,person-11,False,person-11,person-01;person-04;person-12,2,1,10,False,232,0,2026-07-14T05:33:26Z,2026-07-21T05:22:03Z,2026-07-21T05:22:03Z,2026-07-17T06:05:27Z,2026-07-21T05:30:41Z,2026-08-07T06:14:51Z,72.5336,95.4206,408.7361,167.8103,26.0336,16.4206,111.2361,42.3103,0,3,True,4,False,
107,repo-05,False,MERGED,False,person-05,False,person-05,person-01,1,0,2,False,312,0,2026-07-14T10:07:02Z,2026-07-22T01:37:38Z,2026-07-14T10:07:02Z,2026-07-14T10:07:17Z,2026-07-22T01:37:46Z,,0.0042,183.5081,,0.0,0.0,45.1294,,0.0,1,0,False,0,False,
108,repo-03,True,MERGED,False,person-10,False,person-10,person-04;person-12,1,1,2,False,2,2,2026-07-15T00:59:31Z,2026-07-15T01:00:13Z,2026-07-15T01:00:13Z,2026-07-15T01:01:12Z,2026-07-15T01:05:57Z,2026-07-19T23:08:25Z,0.0281,0.0792,118.0411,0.0117,0.0281,0.0792,23.5411,0.0117,0,0,False,0,False,
109,repo-06,False,MERGED,False,person-10,False,person-10,person-04;person-12,1,1,2,False,1,1,2026-07-15T03:36:08Z,2026-07-15T03:49:36Z,2026-07-15T03:49:36Z,2026-07-15T03:37:37Z,2026-07-15T04:11:36Z,,0.0247,0.5664,,0.2244,0.0247,0.5664,,0.2244,0,1,True,0,False,
110,repo-03,True,MERGED,False,person-10,False,person-10,person-04;person-12,1,1,2,False,463,268,2026-07-15T05:24:52Z,2026-07-16T02:16:12Z,2026-07-16T02:16:12Z,2026-07-15T05:26:32Z,2026-07-16T04:50:29Z,2026-07-20T07:28:39Z,0.0278,23.3992,98.6361,20.8556,0.0278,7.8992,19.6361,5.3556,0,1,True,1,False,
111,repo-03,True,MERGED,True,person-07,False,person-01;person-07;person-12,person-04;person-10;person-12,2,1,26,False,749,99,2026-07-15T06:42:28Z,2026-08-14T02:28:26Z,2026-08-14T02:01:07Z,2026-07-22T02:05:04Z,2026-08-14T02:36:34Z,2026-08-21T04:26:13Z,163.3767,552.525,169.8275,715.3108,37.8767,145.025,44.3275,182.3108,1,23,True,4,False,
112,repo-03,True,MERGED,False,person-07,False,person-05;person-07,person-04;person-05;person-10;person-14,2,2,10,False,45180,419,2026-07-16T01:17:05Z,2026-07-20T05:28:13Z,2026-07-20T05:28:13Z,2026-07-17T06:20:41Z,2026-07-20T05:39:22Z,2026-07-20T07:28:39Z,29.06,71.3114,1.8214,100.1856,13.56,7.8114,1.8214,21.1856,0,3,True,0,False,
113,repo-05,False,MERGED,False,person-07,False,person-07,person-01;person-05,2,0,3,False,266,24,2026-07-16T02:54:03Z,2026-07-22T01:52:36Z,2026-07-22T01:52:36Z,2026-07-16T03:01:06Z,2026-08-10T01:59:13Z,,0.1175,598.9686,,142.9758,0.1175,143.4686,,32.9758,0,1,True,0,False,
114,repo-05,False,MERGED,False,person-07,False,person-07,person-01,1,0,3,False,211,0,2026-07-16T06:30:20Z,2026-07-22T00:31:06Z,2026-07-16T06:44:23Z,2026-07-16T06:40:39Z,2026-08-13T00:42:41Z,,0.1719,666.0339,,0.2342,0.1719,164.0339,,0.2342,1,1,True,0,False,
115,repo-03,True,MERGED,False,person-07,False,person-07,person-04;person-12,1,1,1,False,161,0,2026-07-16T07:17:15Z,2026-07-16T07:17:15Z,2026-07-16T07:17:15Z,2026-07-16T07:18:27Z,2026-07-16T07:40:01Z,2026-07-20T07:28:39Z,0.02,0.3594,95.8106,0.0,0.02,0.1925,16.9775,0.0,0,0,False,0,False,
116,repo-03,True,MERGED,False,person-07,False,person-07,person-04;person-05;person-12,2,1,3,False,138,13,2026-07-16T08:44:14Z,2026-07-17T01:45:37Z,2026-07-17T01:45:37Z,2026-07-16T08:45:22Z,2026-07-17T02:01:15Z,2026-07-20T07:28:39Z,0.0189,17.2647,77.4567,17.0231,0.0,3.0208,13.9567,2.7603,0,2,True,0,False,
117,repo-03,True,MERGED,True,person-01,False,person-01;person-06,person-04;person-05;person-08,2,1,6,False,7168,193,2026-07-17T00:35:44Z,2026-07-21T06:29:19Z,2026-07-21T06:29:19Z,2026-07-15T23:32:51Z,2026-07-22T00:08:43Z,2026-08-07T06:14:51Z,,144.5978,390.1022,101.8931,,34.5978,108.1022,22.8931,0,6,True,11,True,branch history rewritten by force-push
118,repo-03,True,MERGED,False,person-10,False,person-10,person-04;person-12,1,1,4,False,229,11,2026-07-17T00:41:57Z,2026-07-19T23:30:26Z,2026-07-19T23:30:26Z,2026-07-17T00:46:40Z,2026-07-20T01:08:55Z,2026-07-20T07:28:39Z,0.0786,72.3708,6.3289,70.8081,0.0786,8.8708,6.3289,7.3081,0,3,True,1,False,
119,repo-04,False,MERGED,False,person-05,False,person-05,person-01,1,0,1,False,2,1,2026-07-17T00:59:55Z,2026-07-17T00:59:55Z,2026-07-17T00:59:55Z,2026-07-17T01:00:16Z,2026-07-17T01:01:59Z,,0.0058,0.0286,,0.0,0.0058,0.0286,,0.0,0,0,False,0,False,
120,repo-05,False,MERGED,False,person-05,False,person-05,person-01,1,0,3,False,131,0,2026-07-17T03:02:51Z,2026-07-17T03:22:43Z,2026-07-17T03:22:43Z,2026-07-17T03:03:22Z,2026-07-17T03:25:28Z,,0.0086,0.3683,,0.3311,0.0086,0.3683,,0.3311,0,2,True,0,False,
121,repo-03,True,MERGED,False,person-07,False,person-07,person-04;person-10,1,1,2,False,64,23,2026-07-17T03:30:35Z,2026-07-17T04:18:28Z,2026-07-17T04:18:28Z,2026-07-17T04:24:02Z,2026-07-17T05:28:41Z,2026-07-20T07:28:39Z,0.8908,1.0775,73.9994,0.7981,0.8908,1.0775,10.4994,0.7981,0,0,False,0,False,
122,repo-03,True,MERGED,False,person-11,False,person-11,person-04;person-12,1,1,8,False,255,0,2026-07-17T03:48:43Z,2026-07-19T22:52:19Z,2026-07-19T22:52:19Z,2026-07-17T06:07:14Z,2026-07-21T03:53:50Z,2026-08-07T06:14:51Z,2.3086,93.7767,410.3503,67.06,2.3086,14.7767,112.8503,3.6881,0,2,True,1,False,
123,repo-03,True,MERGED,False,person-11,False,person-11,person-04;person-09;person-10;person-12,2,2,12,False,785,30,2026-07-17T06:34:46Z,2026-07-21T03:42:56Z,2026-07-21T03:42:56Z,2026-07-20T05:12:03Z,2026-07-21T05:06:41Z,2026-08-07T06:14:51Z,70.6214,23.9106,409.1361,93.1361,7.1214,8.4106,111.6361,14.1361,0,6,True,2,False,
124,repo-03,True,MERGED,True,person-01,False,person-01,person-04;person-05;person-08,2,1,1,False,176,86,2026-07-20T01:26:28Z,2026-07-20T01:26:28Z,2026-07-20T01:26:28Z,2026-07-13T23:37:00Z,2026-07-20T03:01:15Z,2026-07-20T07:28:39Z,,147.4042,4.4567,0.0,,37.4042,4.4567,0.0,0,1,True,5,True,branch history rewritten by force-push
125,repo-06,False,MERGED,False,person-01,False,person-01,person-04;person-12,1,1,1,False,4008,2938,2026-07-20T02:14:00Z,2026-07-20T02:14:00Z,2026-07-20T02:14:00Z,2026-07-20T03:34:16Z,2026-07-20T03:38:55Z,,1.3378,0.0775,,0.0,1.3378,0.0775,,0.0,0,0,False,1,False,
126,repo-06,False,MERGED,False,person-01,False,person-01,person-04;person-12,1,1,1,False,8792,1211,2026-07-20T02:14:00Z,2026-07-20T02:14:00Z,2026-07-20T02:14:00Z,2026-03-30T09:55:59Z,2026-07-20T02:32:16Z,,,2680.6047,,0.0,,675.0378,,0.0,0,1,True,3,True,branch history rewritten by force-push
127,repo-03,True,MERGED,False,person-10,False,person-10,person-04;person-12,1,1,4,False,9,9,2026-07-20T02:58:47Z,2026-07-20T03:40:00Z,2026-07-20T03:40:00Z,2026-07-20T03:29:38Z,2026-07-20T04:42:46Z,2026-07-20T07:28:39Z,0.5142,1.2189,2.7647,0.6869,0.5142,1.2189,2.7647,0.6869,0,1,True,0,False,
128,repo-06,False,MERGED,False,person-01,False,person-01,person-04;person-12,1,1,1,False,0,25,2026-07-20T03:42:38Z,2026-07-20T03:42:38Z,2026-07-20T03:42:38Z,2026-07-20T03:43:05Z,2026-07-20T03:43:58Z,,0.0075,0.0147,,0.0,0.0075,0.0147,,0.0,0,0,False,0,False,
129,repo-04,False,MERGED,False,person-11,False,person-11,person-08;person-10,2,0,2,False,7,1,2026-07-20T04:31:25Z,2026-07-20T04:32:31Z,2026-07-20T04:32:31Z,2026-07-20T04:33:08Z,2026-07-21T03:44:54Z,,0.0286,23.1961,,0.0183,0.0286,7.6961,,0.0183,0,0,False,0,False,
130,repo-06,False,MERGED,False,person-12,False,person-12,person-04;person-10;person-11,2,1,4,False,918,1,2026-07-20T04:33:52Z,2026-07-20T05:35:36Z,2026-07-20T05:35:36Z,2026-07-20T04:37:53Z,2026-07-20T05:46:57Z,,0.0669,1.1511,,1.0289,0.0669,1.1511,,1.0289,0,3,True,0,False,
131,repo-03,True,MERGED,False,person-10,False,person-10,person-04;person-15,1,1,1,False,1271,354,2026-07-20T05:50:44Z,2026-07-20T05:50:44Z,2026-07-20T05:50:44Z,2026-07-20T05:52:31Z,2026-07-20T06:13:56Z,2026-07-20T07:28:39Z,0.0297,0.3569,1.2453,0.0,0.0297,0.3569,1.2453,0.0,0,0,False,0,False,
132,repo-03,True,MERGED,False,person-10,False,person-10,person-04;person-07;person-09,1,2,3,False,17,10,2026-07-20T06:28:28Z,2026-07-23T06:40:40Z,2026-07-23T06:40:40Z,2026-07-20T06:30:18Z,2026-07-24T03:35:48Z,2026-08-07T06:14:51Z,0.0306,93.0917,338.6508,72.2033,0.0306,31.0917,87.6508,25.7033,0,2,True,4,False,
133,repo-03,True,MERGED,False,person-12,False,person-12,person-01;person-04;person-10;person-11,3,1,4,False,311,0,2026-07-21T00:30:39Z,2026-07-21T05:34:26Z,2026-07-21T05:21:54Z,2026-07-21T00:34:41Z,2026-07-21T05:48:19Z,2026-08-07T06:14:51Z,0.0672,5.2272,408.4422,4.8542,0.0672,5.2272,110.9422,4.8542,2,1,True,0,False,
134,repo-03,True,MERGED,False,person-10,False,person-10,person-01;person-04;person-09;person-11;person-12,3,2,10,False,430,239,2026-07-21T02:17:58Z,2026-07-23T05:45:07Z,2026-07-23T05:45:07Z,2026-07-21T04:28:07Z,2026-07-23T06:13:01Z,2026-08-07T06:14:51Z,2.1692,49.7483,360.0306,51.4525,2.1692,18.7483,93.5306,20.4525,0,9,True,7,False,
135,repo-05,False,MERGED,False,person-08,False,person-08,person-01;person-10,2,0,3,False,62,0,2026-07-21T02:35:56Z,2026-07-21T08:08:45Z,2026-07-21T08:08:45Z,2026-07-21T02:37:33Z,2026-07-30T05:44:25Z,,0.0269,219.1144,,5.5469,0.0269,62.6144,,4.9011,0,2,True,1,False,
136,repo-04,False,MERGED,False,person-01,False,person-05;person-07,person-12,1,0,2,False,14,6,2026-07-21T04:09:34Z,2026-07-21T04:14:45Z,2026-07-21T04:14:45Z,2026-08-06T05:24:36Z,2026-08-06T05:26:42Z,,385.2506,0.035,,0.0864,103.2506,0.035,,0.0864,0,0,False,0,False,
137,repo-06,False,MERGED,False,person-12,False,person-12,person-01;person-04;person-10,2,1,1,False,64,41,2026-07-21T04:58:42Z,2026-07-21T04:58:42Z,2026-07-21T04:58:42Z,2026-07-21T05:12:27Z,2026-07-21T05:23:25Z,,0.2292,0.1828,,0.0,0.2292,0.1828,,0.0,0,0,False,0,False,
138,repo-03,True,MERGED,False,person-12,False,person-12,person-04;person-10,1,1,9,False,607,22,2026-07-21T06:09:45Z,2026-07-23T00:14:29Z,2026-07-22T05:49:23Z,2026-07-22T00:56:50Z,2026-07-23T00:22:56Z,2026-08-07T06:14:51Z,18.7847,23.435,365.8653,23.6606,3.2847,7.935,99.3653,8.1606,1,3,True,1,False,
139,repo-03,True,MERGED,False,person-15,False,person-15,person-04;person-12,1,1,4,False,539,28,2026-07-21T12:24:36Z,2026-07-23T06:17:00Z,2026-07-21T12:24:36Z,2026-07-21T12:27:57Z,2026-07-23T06:52:39Z,2026-08-07T06:14:51Z,0.0558,42.4117,359.37,0.0,0.0,16.3775,92.87,0.0,3,0,False,5,False,
140,repo-03,True,MERGED,False,person-10,False,person-10,person-04;person-11,1,1,1,False,8,21,2026-07-22T00:18:49Z,2026-07-22T00:18:49Z,2026-07-22T00:18:49Z,2026-07-22T00:23:02Z,2026-07-22T03:18:26Z,2026-08-07T06:14:51Z,0.0703,2.9233,386.9403,0.0,0.0703,2.9233,104.9403,0.0,0,0,False,0,False,
141,repo-03,True,MERGED,False,person-11,False,person-11,person-04;person-07,1,1,2,False,301,0,2026-07-22T03:28:27Z,2026-07-22T05:20:49Z,2026-07-22T05:20:49Z,2026-07-22T04:58:38Z,2026-07-22T06:54:25Z,2026-08-07T06:14:51Z,1.5031,1.9297,383.3406,1.8728,1.5031,1.9297,101.3406,1.8728,0,1,True,1,False,
142,repo-03,True,MERGED,False,person-12,False,person-12,person-04;person-10,1,1,4,False,296,175,2026-07-22T03:31:18Z,2026-07-23T04:24:31Z,2026-07-23T04:24:31Z,2026-07-23T04:35:38Z,2026-07-23T05:51:39Z,2026-08-07T06:14:51Z,25.0722,1.2669,360.3867,24.8869,9.5722,1.2669,93.8867,9.3869,0,0,False,0,False,
143,repo-03,True,MERGED,False,person-07,False,person-07,person-04;person-08;person-10;person-12,3,1,12,False,164,2,2026-07-22T03:53:24Z,2026-07-28T02:45:00Z,2026-07-27T03:57:45Z,2026-07-22T03:54:10Z,2026-07-28T02:52:37Z,2026-08-07T06:14:51Z,0.0128,142.9742,243.3706,120.0725,0.0128,32.9742,71.3706,25.5725,3,7,True,1,False,
144,repo-03,True,MERGED,False,person-11,False,person-11,person-04;person-12,1,1,12,False,395,0,2026-07-22T03:57:06Z,2026-07-28T01:13:16Z,2026-07-28T01:13:16Z,2026-07-22T03:59:14Z,2026-07-28T01:35:49Z,2026-08-07T06:14:51Z,0.0356,141.6097,244.6506,141.2694,0.0356,31.6097,72.6506,31.2694,0,11,True,3,False,
145,repo-06,False,MERGED,False,person-12,False,person-12,person-04;person-11,1,1,2,False,717,0,2026-07-22T06:55:50Z,2026-07-23T00:02:08Z,2026-07-23T00:02:08Z,2026-07-22T07:03:47Z,2026-07-23T01:12:48Z,,0.1325,18.1503,,17.105,0.1325,2.6503,,1.605,0,1,True,0,False,
146,repo-03,True,MERGED,False,person-01,False,person-01,person-04;person-07,1,1,3,False,32,13,2026-07-23T01:24:47Z,2026-07-23T01:52:14Z,2026-07-23T01:52:14Z,2026-07-23T01:25:25Z,2026-07-23T02:01:16Z,2026-08-07T06:14:51Z,0.0106,0.5975,364.2264,0.4575,0.0106,0.5975,97.7264,0.4575,0,2,True,0,False,
147,repo-06,False,MERGED,False,person-12,False,person-12,person-04;person-05,1,1,1,False,13,7,2026-07-23T01:59:03Z,2026-07-23T01:59:03Z,2026-07-23T01:59:03Z,2026-07-23T02:01:03Z,2026-07-23T02:03:01Z,,0.0333,0.0328,,0.0,0.0333,0.0328,,0.0,0,0,False,0,False,
148,repo-06,False,MERGED,False,person-12,False,person-12,person-04;person-10,1,1,1,False,1,1,2026-07-23T04:18:10Z,2026-07-23T04:18:10Z,2026-07-23T04:18:10Z,2026-07-23T04:19:27Z,2026-07-23T04:20:43Z,,0.0214,0.0211,,0.0,0.0214,0.0211,,0.0,0,0,False,0,False,
149,repo-03,True,MERGED,False,person-10,False,person-10,person-04;person-08,1,1,3,False,94,21,2026-07-23T06:43:46Z,2026-07-27T02:04:26Z,2026-07-27T02:04:26Z,2026-07-23T06:44:32Z,2026-07-27T03:13:12Z,2026-08-07T06:14:51Z,0.0128,92.4778,267.0275,91.3444,0.0128,13.4778,79.5275,12.3444,0,2,True,2,False,
150,repo-03,True,MERGED,False,person-05,False,person-05,person-04;person-07,1,1,2,False,116,372,2026-07-23T11:52:10Z,2026-07-23T12:21:10Z,2026-07-23T12:21:10Z,2026-07-23T11:58:53Z,2026-07-23T23:02:25Z,2026-08-07T06:14:51Z,0.1119,11.0589,343.2072,0.4833,0.0,0.0403,92.2072,0.0,0,1,True,0,False,
151,repo-03,True,MERGED,False,person-05,False,person-05,person-04;person-08;person-10,2,1,1,False,113,0,2026-07-23T13:24:52Z,2026-07-23T13:24:52Z,2026-07-23T13:24:52Z,2026-07-27T00:57:47Z,2026-07-27T09:37:24Z,2026-08-07T06:14:51Z,83.5486,8.6603,260.6242,0.0,10.4631,6.5369,75.2475,0.0,0,0,False,1,False,
152,repo-06,False,MERGED,False,person-12,False,person-12,person-04;person-07,1,1,1,False,13,13,2026-07-24T01:23:15Z,2026-07-24T01:23:15Z,2026-07-24T01:23:15Z,2026-07-24T01:38:35Z,2026-07-24T02:31:12Z,,0.2556,0.8769,,0.0,0.2556,0.8769,,0.0,0,0,False,0,False,
153,repo-03,True,MERGED,False,person-01,False,person-01,person-04;person-05,1,1,4,False,73,22,2026-07-24T03:11:07Z,2026-07-24T03:30:55Z,2026-07-24T03:30:55Z,2026-07-24T03:12:34Z,2026-07-24T04:49:02Z,2026-08-07T06:14:51Z,0.0242,1.6078,337.4303,0.33,0.0242,1.6078,86.4303,0.33,0,3,True,2,False,
154,repo-03,True,MERGED,False,person-05,False,person-05;person-12,person-04;person-08;person-09,1,2,19,False,1749,289,2026-07-24T03:49:09Z,2026-07-28T12:31:10Z,2026-07-28T08:31:41Z,2026-07-27T12:17:43Z,2026-07-28T23:22:51Z,2026-08-07T06:14:51Z,80.4761,35.0856,222.8667,100.7089,12.1808,8.8808,66.3667,20.6808,1,3,True,0,False,
155,repo-03,True,MERGED,False,person-11,False,person-11,person-04;person-10,1,1,5,False,166,0,2026-07-24T03:56:25Z,2026-07-26T23:04:30Z,2026-07-26T23:04:30Z,2026-07-24T03:57:57Z,2026-07-26T23:35:44Z,2026-08-07T06:14:51Z,0.0256,67.6297,270.6519,67.1347,0.0256,4.1297,83.1519,3.6347,0,4,True,2,False,
156,repo-03,True,MERGED,True,person-11,False,person-06;person-11,person-04;person-08;person-09;person-12,2,2,23,False,2746,129,2026-07-24T04:05:29Z,2026-07-28T08:13:05Z,2026-07-28T08:13:05Z,2026-07-24T05:54:23Z,2026-07-28T11:46:57Z,2026-08-07T06:14:51Z,1.815,101.8761,234.465,100.1267,1.815,18.5936,66.7475,20.4086,0,20,True,7,False,
157,repo-06,False,MERGED,False,person-12,False,person-12,person-04;person-07,1,1,1,False,4,4,2026-07-24T04:49:04Z,2026-07-24T04:49:04Z,2026-07-24T04:49:04Z,2026-07-24T04:50:55Z,2026-07-24T04:54:27Z,,0.0308,0.0589,,0.0,0.0308,0.0589,,0.0,0,0,False,0,False,
158,repo-03,True,MERGED,False,person-12,False,person-12,person-04;person-10,1,1,2,False,47,44,2026-07-24T05:02:40Z,2026-07-24T06:32:05Z,2026-07-24T05:02:40Z,2026-07-24T06:24:48Z,2026-07-26T23:18:20Z,2026-08-07T06:14:51Z,1.3689,64.8922,270.9419,0.0,1.3689,1.3922,83.4419,0.0,1,0,False,0,False,
159,repo-03,True,OPEN,True,person-01,False,person-01,person-04,0,1,14,False,329,67,2026-07-24T05:45:11Z,2026-07-24T11:13:57Z,2026-07-24T11:13:57Z,2026-07-24T10:39:58Z,,,4.9131,,,5.4794,1.7469,,,1.7469,0,7,True,6,False,
160,repo-03,True,MERGED,False,person-01,False,person-01;person-05,person-04;person-05;person-12,2,1,3,False,64,79,2026-07-27T01:29:35Z,2026-07-27T09:38:27Z,2026-07-27T02:01:26Z,2026-07-27T01:30:14Z,2026-07-27T10:20:31Z,2026-08-07T06:14:51Z,0.0108,8.8381,259.9056,0.5308,0.0108,5.9961,75.2475,0.5308,1,1,True,1,False,
161,repo-06,False,MERGED,False,person-10,False,person-10,person-04;person-12,1,1,1,False,1,1,2026-07-27T01:32:16Z,2026-07-27T01:32:16Z,2026-07-27T01:32:16Z,2026-07-27T01:33:09Z,2026-07-28T01:31:29Z,,0.0147,23.9722,,0.0,0.0147,8.4722,,0.0,0,0,False,0,False,
162,repo-06,False,MERGED,False,person-12,False,person-12,person-04;person-10,1,1,4,False,636,0,2026-07-27T04:24:43Z,2026-07-27T06:20:35Z,2026-07-27T06:20:35Z,2026-07-27T04:27:14Z,2026-07-27T06:26:00Z,,0.0419,1.9794,,1.9311,0.0419,1.9794,,1.9311,0,3,True,0,False,
163,repo-03,True,MERGED,True,person-10,False,person-10,person-04;person-12,1,1,9,False,241,135,2026-07-27T05:59:34Z,2026-07-28T03:30:19Z,2026-07-28T03:30:19Z,2026-07-28T00:01:54Z,2026-07-29T00:26:53Z,2026-08-07T06:14:51Z,18.0389,24.4164,221.7994,21.5125,2.5389,8.9164,65.2994,6.0125,0,6,True,3,False,
164,repo-03,True,MERGED,True,person-08,False,person-08,person-04;person-12,1,1,21,False,682,204,2026-07-27T08:26:57Z,2026-08-04T04:23:23Z,2026-08-03T23:02:00Z,2026-07-31T03:56:36Z,2026-08-04T04:46:26Z,2026-08-07T06:14:51Z,91.4942,96.8306,73.4736,182.5842,30.4433,17.8306,26.9736,42.5333,1,5,True,0,False,
165,repo-06,False,MERGED,False,person-10,False,person-10,person-04;person-07,1,1,4,False,187,53,2026-07-28T01:30:44Z,2026-07-28T01:51:19Z,2026-07-28T01:51:19Z,2026-07-28T01:31:07Z,2026-07-28T01:53:01Z,,0.0064,0.365,,0.3431,0.0064,0.365,,0.3431,0,3,True,1,False,
166,repo-05,False,MERGED,False,person-07,False,person-07,person-01,1,0,1,False,130,31,2026-07-28T03:11:29Z,2026-07-28T03:11:29Z,2026-07-28T03:11:29Z,2026-07-28T03:12:11Z,2026-08-10T01:59:54Z,,0.0117,310.7953,,0.0,0.0117,75.2953,,0.0,0,0,False,0,False,
167,repo-03,True,MERGED,False,person-07,False,person-07,person-04;person-10,1,1,1,False,7,5,2026-07-28T04:12:03Z,2026-07-28T04:12:03Z,2026-07-28T04:12:03Z,2026-07-28T04:13:58Z,2026-07-28T04:28:43Z,2026-08-07T06:14:51Z,0.0319,0.2458,241.7689,0.0,0.0319,0.2458,69.7689,0.0,0,0,False,0,False,
168,repo-03,True,MERGED,False,person-12,False,person-12,person-01;person-04,1,1,9,False,385,13,2026-07-28T05:35:57Z,2026-07-31T04:18:41Z,2026-07-30T05:57:04Z,2026-07-29T05:22:50Z,2026-07-31T05:47:30Z,2026-08-07T06:14:51Z,23.7814,48.4111,168.4558,48.3519,8.2814,17.4111,42.9558,17.3519,2,2,True,0,False,
169,repo-03,True,MERGED,False,person-12,False,person-12,person-04;person-10,1,1,5,False,813,4,2026-07-28T05:35:57Z,2026-07-29T03:39:44Z,2026-07-29T00:32:41Z,2026-07-29T00:06:13Z,2026-07-29T03:55:17Z,2026-08-07T06:14:51Z,18.5044,3.8178,218.3261,18.9456,3.0044,3.8178,61.8261,3.4456,1,2,True,1,False,
170,repo-03,True,MERGED,False,person-07,False,person-07,person-04;person-10,1,1,1,False,39,21,2026-07-28T06:05:26Z,2026-07-28T06:05:26Z,2026-07-28T06:05:26Z,2026-07-28T06:06:07Z,2026-07-28T06:12:02Z,2026-08-07T06:14:51Z,0.0114,0.0986,240.0469,0.0,0.0114,0.0986,68.0469,0.0,0,0,False,0,False,
171,repo-03,True,MERGED,True,person-10,False,person-10,person-04;person-12,1,1,2,False,21,9,2026-07-28T06:44:31Z,2026-07-28T23:42:22Z,2026-07-28T23:42:22Z,2026-07-28T23:45:12Z,2026-07-29T00:50:22Z,2026-08-07T06:14:51Z,17.0114,1.0861,221.4081,16.9642,1.5114,1.0861,64.9081,1.4642,0,0,False,1,False,
172,repo-03,True,MERGED,False,person-10,False,person-10,person-04;person-12,1,1,4,False,202,32,2026-07-29T00:41:42Z,2026-07-30T06:59:55Z,2026-07-30T06:59:55Z,2026-07-29T00:44:38Z,2026-07-30T23:31:35Z,2026-08-07T06:14:51Z,0.0489,46.7825,174.7211,30.3036,0.0489,15.7825,49.2211,14.8036,0,3,True,1,False,
173,repo-03,True,MERGED,False,person-11,False,person-11,person-01;person-04,1,1,17,False,409,13,2026-07-29T00:51:31Z,2026-07-31T05:42:34Z,2026-07-31T05:42:34Z,2026-07-31T01:51:24Z,2026-07-31T05:58:03Z,2026-08-07T06:14:51Z,48.9981,4.1108,168.28,52.8508,17.9981,4.1108,42.78,21.8508,0,6,True,2,False,
174,repo-06,False,MERGED,False,person-12,False,person-12,person-04;person-10,1,1,1,False,88,10,2026-07-29T02:02:45Z,2026-07-29T02:02:45Z,2026-07-29T02:02:45Z,2026-07-29T02:05:20Z,2026-07-29T03:02:57Z,,0.0431,0.9603,,0.0,0.0431,0.9603,,0.0,0,0,False,0,False,
175,repo-07,False,MERGED,False,person-11,False,person-11,person-12,1,0,1,False,812,0,2026-07-30T03:35:35Z,2026-07-30T03:35:35Z,2026-07-30T03:35:35Z,2026-07-30T04:12:14Z,2026-07-30T04:36:39Z,,0.6108,0.4069,,0.0,0.6108,0.4069,,0.0,0,0,False,0,False,
176,repo-03,True,MERGED,False,person-12,False,person-12,person-04;person-10,1,1,2,False,155,8,2026-07-30T03:49:06Z,2026-07-31T00:38:36Z,2026-07-30T03:49:06Z,2026-07-30T04:02:10Z,2026-07-31T03:55:05Z,2026-08-07T06:14:51Z,0.2178,23.8819,170.3294,0.0,0.2178,8.3819,44.8294,0.0,1,0,False,0,False,
177,repo-03,True,MERGED,False,person-10,False,person-10,person-04;person-12,1,1,3,False,49,39,2026-07-30T05:20:46Z,2026-07-31T02:26:01Z,2026-07-31T02:26:01Z,2026-07-31T02:26:28Z,2026-08-04T01:58:47Z,2026-08-07T06:14:51Z,21.095,95.5386,76.2678,21.0875,5.595,16.5386,29.7678,5.5875,0,0,False,4,False,
178,repo-07,False,MERGED,False,person-01,False,person-01,,0,0,1,False,210,29,2026-07-31T06:26:59Z,2026-07-31T06:26:59Z,2026-07-31T06:26:59Z,2026-07-31T06:27:14Z,2026-08-03T07:04:03Z,,0.0042,72.6136,,0.0,0.0042,9.1136,,0.0,0,0,False,1,False,
179,repo-03,True,MERGED,False,person-01,False,person-01;person-06,person-04;person-12,1,1,2,False,54,0,2026-08-03T06:11:09Z,2026-08-03T06:56:47Z,2026-08-03T06:56:47Z,2026-08-03T06:13:46Z,2026-08-06T05:15:47Z,2026-08-07T06:14:51Z,0.0436,71.0336,24.9844,0.7606,0.0436,24.5336,9.4844,0.7606,0,1,True,1,False,
180,repo-03,True,MERGED,False,person-01,False,person-01;person-06,person-04;person-11,1,1,7,False,37441,1259,2026-08-03T06:33:27Z,2026-08-03T09:10:20Z,2026-08-03T09:10:20Z,2026-08-03T06:34:05Z,2026-08-04T01:25:36Z,2026-08-07T06:14:51Z,0.0106,18.8586,76.8208,2.6147,0.0106,3.3586,30.3208,0.9425,0,6,True,0,False,
181,repo-03,True,MERGED,True,person-08,False,person-01;person-06;person-08;person-11,person-04;person-10,1,1,29,False,11,65,2026-08-03T07:21:46Z,2026-08-10T01:52:28Z,2026-08-10T01:52:28Z,2026-08-09T23:16:44Z,2026-08-10T02:01:04Z,2026-08-21T04:26:13Z,159.9161,2.7389,266.4192,162.5117,34.4161,2.7389,78.9192,37.0117,0,3,True,0,False,
182,repo-03,True,MERGED,True,person-11,False,person-01;person-08;person-11,person-04;person-08;person-10,2,1,23,False,1828,419,2026-08-03T07:21:46Z,2026-08-07T06:49:24Z,2026-08-07T04:58:21Z,2026-08-06T00:21:01Z,2026-08-07T07:05:02Z,2026-08-10T06:06:06Z,64.9875,30.7336,71.0178,93.6097,18.4875,15.2336,7.5178,31.6097,1,6,True,1,False,
183,repo-03,True,MERGED,False,person-01,False,person-01;person-11,person-04;person-08,1,1,11,False,1197,4045,2026-08-03T07:21:46Z,2026-08-05T07:22:46Z,2026-08-05T07:22:46Z,2026-08-03T06:54:30Z,2026-08-06T02:50:31Z,2026-08-07T06:14:51Z,,67.9336,27.4056,48.0167,,21.4336,11.9056,17.0167,0,11,True,8,True,branch history rewritten by force-push
184,repo-03,True,MERGED,False,person-01,False,person-01,person-04;person-09;person-12,1,2,3,False,35391,438,2026-08-03T07:56:52Z,2026-08-04T01:29:46Z,2026-08-04T01:29:46Z,2026-08-03T07:59:01Z,2026-08-04T01:47:31Z,2026-08-07T06:14:51Z,0.0358,17.8083,76.4556,17.5483,0.0,2.7919,29.9556,2.4961,0,2,True,1,False,
185,repo-03,True,MERGED,False,person-01,False,person-01,person-04;person-09;person-10,1,2,4,False,1976,448,2026-08-04T00:23:20Z,2026-08-04T03:14:07Z,2026-08-04T03:14:07Z,2026-08-03T07:51:07Z,2026-08-04T03:37:19Z,2026-08-07T06:14:51Z,,19.77,74.6256,2.8464,,4.6219,28.1256,2.8464,0,4,True,3,True,branch history rewritten by force-push
186,repo-03,True,MERGED,False,person-11,False,person-11,person-04;person-08;person-10,2,1,4,False,442,96,2026-08-04T02:48:17Z,2026-08-04T04:09:09Z,2026-08-04T04:09:09Z,2026-08-04T03:15:33Z,2026-08-05T00:47:37Z,2026-08-07T06:14:51Z,0.4544,21.5344,53.4539,1.3478,0.4544,6.0344,22.4539,1.3478,0,2,True,1,False,
187,repo-03,True,MERGED,False,person-01,False,person-01;person-12,person-04;person-12,1,1,2,False,217,226,2026-08-04T03:39:19Z,2026-08-05T02:28:29Z,2026-08-04T03:39:19Z,2026-08-04T03:40:55Z,2026-08-05T02:37:02Z,2026-08-07T06:14:51Z,0.0267,22.9353,51.6303,0.0,0.0267,7.4353,20.6303,0.0,1,0,False,2,False,
188,repo-03,True,MERGED,False,person-01,False,person-01,person-04;person-12,1,1,2,False,12,2,2026-08-05T05:48:07Z,2026-08-05T06:01:05Z,2026-08-05T06:01:05Z,2026-08-05T05:48:49Z,2026-08-05T06:09:44Z,2026-08-07T06:14:51Z,0.0117,0.3486,48.0853,0.2161,0.0117,0.3486,17.0853,0.2161,0,1,True,0,False,
189,repo-03,True,MERGED,False,person-01,False,person-01,person-04;person-12,1,1,1,False,0,0,2026-08-05T06:21:31Z,2026-08-05T06:21:31Z,2026-08-05T06:21:31Z,2026-08-05T06:22:40Z,2026-08-05T06:34:50Z,2026-08-07T06:14:51Z,0.0192,0.2028,47.6669,0.0,0.0192,0.2028,16.6669,0.0,0,0,False,0,False,
190,repo-03,True,MERGED,False,person-01,False,person-01,person-04;person-12,1,1,1,False,10,0,2026-08-05T07:01:26Z,2026-08-05T07:01:26Z,2026-08-05T07:01:26Z,2026-08-05T07:01:49Z,2026-08-05T07:20:17Z,2026-08-07T06:14:51Z,0.0064,0.3078,46.9094,0.0,0.0064,0.3078,15.9094,0.0,0,0,False,1,False,
191,repo-03,True,MERGED,False,person-10,False,person-10,person-04;person-12,1,1,1,False,0,0,2026-08-06T00:04:07Z,2026-08-06T00:04:07Z,2026-08-06T00:04:07Z,2026-08-06T00:05:42Z,2026-08-06T00:15:29Z,2026-08-07T06:14:51Z,0.0264,0.1631,29.9894,0.0,0.0264,0.1631,14.4894,0.0,0,0,False,0,False,
192,repo-03,True,MERGED,False,person-12,False,person-12,person-04;person-07;person-11,2,1,13,False,1769,1867,2026-08-06T03:30:55Z,2026-08-13T05:36:09Z,2026-08-13T00:28:58Z,2026-08-07T04:59:58Z,2026-08-13T05:43:36Z,2026-08-21T04:26:13Z,25.4842,144.7272,190.7103,164.9675,9.9842,34.7272,49.7103,39.4675,2,5,True,1,False,
193,repo-03,True,MERGED,False,person-01,False,person-01,person-04;person-11,1,1,2,False,70,10,2026-08-06T04:54:23Z,2026-08-11T22:08:22Z,2026-08-11T22:08:22Z,2026-08-06T04:55:14Z,2026-08-11T22:23:56Z,2026-08-21T04:26:13Z,0.0142,137.4783,222.0381,137.2331,0.0142,28.0794,64.9369,28.0936,0,1,True,1,False,
194,repo-03,True,MERGED,False,person-01,False,person-01,person-04;person-10,1,1,4,False,3587,17,2026-08-06T08:58:13Z,2026-08-06T09:19:51Z,2026-08-06T09:19:51Z,2026-08-06T08:58:56Z,2026-08-07T01:30:49Z,2026-08-07T06:14:51Z,0.0119,16.5314,4.7339,0.3606,0.0,2.5136,4.7339,0.0,0,3,True,0,False,
195,repo-05,False,MERGED,True,person-01,False,person-01,person-07,1,0,5,False,146,0,2026-08-07T04:34:16Z,2026-08-13T05:12:33Z,2026-08-13T05:12:33Z,2026-08-13T00:16:00Z,2026-08-18T02:12:28Z,,139.6956,121.9411,,144.6381,29.6956,27.4411,,34.6381,0,3,True,3,False,
196,repo-04,False,OPEN,False,person-16,False,person-16,,0,0,1,False,356,1,2026-08-07T04:52:58Z,2026-08-07T04:52:58Z,2026-08-07T04:52:58Z,2026-08-07T04:53:31Z,,,0.0092,,,0.0,0.0092,,,0.0,0,0,False,0,False,
197,repo-03,True,MERGED,True,person-01,False,person-01;person-06,person-04;person-10,1,1,5,False,1485,892,2026-08-07T08:29:37Z,2026-08-10T00:41:55Z,2026-08-10T00:41:55Z,2026-08-10T00:41:03Z,2026-08-10T00:50:58Z,2026-08-10T06:06:06Z,64.1906,0.1653,5.2522,64.205,1.6842,0.1653,5.2522,1.6986,0,1,True,1,False,
198,repo-03,True,MERGED,False,person-01,False,person-01,person-04;person-12,1,1,1,False,16,14,2026-08-09T23:57:00Z,2026-08-09T23:57:00Z,2026-08-09T23:57:00Z,2026-08-09T23:57:46Z,2026-08-10T00:40:20Z,2026-08-10T06:06:06Z,0.0128,0.7094,5.4294,0.0,0.0128,0.7094,5.4294,0.0,0,0,False,0,False,
199,repo-03,True,MERGED,True,person-08,False,person-08,person-04;person-10;person-12,2,1,17,False,323,244,2026-08-10T05:20:01Z,2026-08-14T05:40:53Z,2026-08-14T05:37:33Z,2026-08-10T23:28:44Z,2026-08-14T06:33:26Z,2026-08-21T04:26:13Z,18.1453,79.0783,165.8797,96.2922,2.6453,32.5783,40.3797,34.2922,1,4,True,1,False,
200,repo-03,True,MERGED,False,person-10,False,person-10,person-04;person-11,1,1,6,False,145,0,2026-08-10T05:31:21Z,2026-08-12T03:35:14Z,2026-08-12T03:35:14Z,2026-08-10T05:41:11Z,2026-08-12T03:46:53Z,2026-08-21T04:26:13Z,0.1639,46.095,216.6556,46.0647,0.1639,15.095,60.1556,15.0647,0,5,True,2,False,
201,repo-03,True,MERGED,False,person-01,False,person-01,person-04;person-07,1,1,2,False,134,1839,2026-08-11T00:36:42Z,2026-08-13T04:42:49Z,2026-08-11T00:36:42Z,2026-08-11T22:17:36Z,2026-08-13T04:50:08Z,2026-08-21T04:26:13Z,21.6817,30.5422,191.6014,0.0,6.8883,14.3356,50.6014,0.0,1,0,False,1,False,
202,repo-07,False,MERGED,False,person-08,False,person-08,person-11,1,0,1,False,965,0,2026-08-11T01:21:07Z,2026-08-11T01:21:07Z,2026-08-11T01:21:07Z,2026-08-11T01:21:39Z,2026-08-26T07:08:46Z,,0.0089,365.7853,,0.0,0.0089,99.2853,,0.0,0,0,False,0,False,
203,repo-03,True,MERGED,False,person-08,False,person-07;person-08;person-11,person-04;person-07;person-10;person-11;person-14,3,2,75,False,1789,593,2026-08-11T02:06:00Z,2026-08-17T23:19:04Z,2026-08-17T23:19:04Z,2026-08-11T02:39:51Z,2026-08-17T23:29:26Z,2026-08-21T04:26:13Z,0.5642,164.8264,76.9464,165.2178,0.5642,39.3264,30.4464,39.7178,0,65,True,0,False,
204,repo-05,False,MERGED,False,person-01,False,person-01,person-04;person-12,1,1,2,False,549,10,2026-08-11T02:23:58Z,2026-08-11T02:39:17Z,2026-08-11T02:39:17Z,2026-08-11T02:24:16Z,2026-08-11T03:24:16Z,,0.005,1.0,,0.2553,0.005,1.0,,0.2553,0,1,True,0,False,
205,repo-05,False,MERGED,True,person-01,False,person-01,person-04;person-11,1,1,12,False,450,174,2026-08-11T05:08:31Z,2026-08-11T21:25:17Z,2026-08-11T21:25:17Z,2026-08-11T21:25:57Z,2026-08-12T02:20:32Z,,16.2906,4.9097,,16.2794,2.3581,3.3422,,2.3581,0,0,False,0,False,
206,repo-03,True,MERGED,True,person-11,False,person-11,person-04;person-08,1,1,1,False,117,3,2026-08-11T21:23:14Z,2026-08-11T21:23:14Z,2026-08-11T21:23:14Z,2026-08-11T21:26:18Z,2026-08-13T03:44:27Z,2026-08-21T04:26:13Z,0.0511,30.3025,192.6961,0.0,0.0,13.2408,51.6961,0.0,0,0,False,1,False,
207,repo-03,True,MERGED,True,person-11,False,person-06;person-11,person-01;person-04,1,1,3,False,424,3,2026-08-11T21:57:50Z,2026-08-11T22:33:13Z,2026-08-11T22:33:13Z,2026-08-11T22:01:24Z,2026-08-12T03:02:57Z,2026-08-21T04:26:13Z,0.0594,5.0258,217.3878,0.5897,0.0,4.0492,60.8878,0.0,0,2,True,1,False,
208,repo-04,False,MERGED,False,person-07,False,person-07,person-01,1,0,1,False,0,5,2026-08-12T01:35:05Z,2026-08-12T01:35:05Z,2026-08-12T01:35:05Z,2026-08-12T01:38:43Z,2026-08-12T02:47:31Z,,0.0606,1.1467,,0.0,0.0606,1.1467,,0.0,0,0,False,0,False,
209,repo-05,False,MERGED,False,person-01,False,person-01,person-04;person-07,1,1,7,False,97,36,2026-08-12T03:46:47Z,2026-08-13T02:16:03Z,2026-08-13T02:12:53Z,2026-08-12T03:47:25Z,2026-08-13T02:17:21Z,,0.0106,22.4989,,22.435,0.0106,6.9989,,6.935,1,5,True,0,False,
210,repo-05,False,MERGED,False,person-01,False,person-01,person-04;person-07,1,1,5,False,474,0,2026-08-12T04:17:24Z,2026-08-13T02:36:09Z,2026-08-13T02:36:09Z,2026-08-12T04:17:56Z,2026-08-13T02:55:48Z,,0.0089,22.6311,,22.3125,0.0089,7.1311,,6.8125,0,4,True,1,False,
211,repo-03,True,MERGED,True,person-11,False,person-11,person-04;person-10,1,1,16,False,454,97,2026-08-13T01:29:26Z,2026-08-13T09:35:44Z,2026-08-13T09:35:44Z,2026-08-13T04:01:36Z,2026-08-13T23:33:05Z,2026-08-21T04:26:13Z,2.5361,19.5247,172.8856,8.105,2.5361,4.0247,47.3856,6.0094,0,9,True,2,False,
212,repo-03,True,MERGED,False,person-10,False,person-10,person-04;person-11,1,1,9,False,992,38,2026-08-13T01:38:37Z,2026-08-13T07:22:43Z,2026-08-13T07:22:43Z,2026-08-13T06:45:54Z,2026-08-13T07:32:16Z,2026-08-21T04:26:13Z,5.1214,0.7728,188.8992,5.735,5.1214,0.735,47.9369,5.735,0,1,True,1,False,
213,repo-03,True,MERGED,False,person-10,False,person-10,person-04;person-07;person-09;person-11,2,2,8,False,878,35,2026-08-13T01:38:37Z,2026-08-13T05:41:21Z,2026-08-13T05:41:21Z,2026-08-13T01:41:13Z,2026-08-13T06:40:05Z,2026-08-21T04:26:13Z,0.0433,4.9811,189.7689,4.0456,0.0433,4.9811,48.7689,4.0456,0,7,True,2,False,
214,repo-03,True,MERGED,False,person-10,False,person-10,person-04;person-11,1,1,1,False,35,878,2026-08-13T06:42:07Z,2026-08-13T06:42:07Z,2026-08-13T06:42:07Z,2026-08-13T06:42:50Z,2026-08-13T07:00:17Z,2026-08-21T04:26:13Z,0.0119,0.2908,189.4322,0.0,0.0119,0.2908,48.4322,0.0,0,0,False,0,False,
215,repo-08,False,MERGED,False,person-02,True,person-02,person-01,1,0,1,False,87,80,2026-08-13T06:42:51Z,2026-08-13T06:42:51Z,2026-08-13T06:42:51Z,2026-08-13T06:42:52Z,2026-08-14T07:27:02Z,,0.0003,24.7361,,0.0,0.0003,9.2361,,0.0,0,0,False,0,False,
216,repo-03,True,MERGED,False,person-11,False,person-11,person-04;person-08,1,1,3,False,268,3,2026-08-14T01:09:39Z,2026-08-14T02:08:30Z,2026-08-14T02:08:30Z,2026-08-14T01:10:32Z,2026-08-14T02:25:11Z,2026-08-21T04:26:13Z,0.0147,1.2442,170.0172,0.9808,0.0147,1.2442,44.5172,0.9808,0,2,True,1,False,
217,repo-03,True,MERGED,False,person-11,False,person-11,person-04;person-08,1,1,1,False,4,0,2026-08-14T01:42:03Z,2026-08-14T01:42:03Z,2026-08-14T01:42:03Z,2026-08-14T02:14:05Z,2026-08-14T02:55:20Z,2026-08-21T04:26:13Z,0.5339,0.6875,169.5147,0.0,0.5339,0.6875,44.0147,0.0,0,0,False,1,False,
218,repo-05,False,MERGED,False,person-01,False,person-01,person-07,1,0,1,False,831,54,2026-08-14T06:36:32Z,2026-08-14T06:36:32Z,2026-08-14T06:36:32Z,2026-08-14T06:36:52Z,2026-08-14T06:47:49Z,,0.0056,0.1825,,0.0,0.0056,0.1825,,0.0,0,0,False,0,False,
219,repo-05,False,MERGED,True,person-01,False,person-01,person-04;person-05,1,1,1,False,876,794,2026-08-14T06:49:28Z,2026-08-14T06:49:28Z,2026-08-14T06:49:28Z,2026-08-11T06:06:49Z,2026-08-25T02:54:41Z,,,332.7978,,0.0,,81.7978,,0.0,0,1,True,2,True,branch history rewritten by force-push
220,repo-07,False,MERGED,True,person-01,False,person-01;person-14,,0,0,1,False,4,0,2026-08-14T07:59:29Z,2026-08-14T07:59:29Z,2026-08-14T07:59:29Z,2026-08-14T07:59:38Z,2026-08-14T08:59:12Z,,0.0025,0.9928,,0.0,0.0,0.0,,0.0,0,0,False,0,False,
221,repo-09,False,MERGED,True,person-01,False,person-01;person-14,,0,0,1,False,2,0,2026-08-14T08:13:00Z,2026-08-14T08:13:00Z,2026-08-14T08:13:00Z,2026-08-14T08:58:20Z,2026-08-14T08:58:25Z,,0.7556,0.0014,,0.0,0.0,0.0,,0.0,0,0,False,0,False,
222,repo-08,False,MERGED,False,person-01,False,person-01,person-04,0,1,1,False,327,307,2026-08-14T08:18:40Z,2026-08-14T08:18:40Z,2026-08-14T08:18:40Z,2026-08-14T08:19:10Z,2026-08-14T08:28:32Z,,0.0083,0.1561,,0.0,0.0,0.0,,0.0,0,0,False,0,False,
223,repo-10,False,MERGED,False,person-01,False,person-01,person-04,0,1,1,False,17,17,2026-08-14T08:31:19Z,2026-08-14T08:31:19Z,2026-08-14T08:31:19Z,2026-08-14T08:31:38Z,2026-08-14T08:57:05Z,,0.0053,0.4242,,0.0,0.0,0.0,,0.0,0,0,False,0,False,
224,repo-07,False,MERGED,False,person-02,True,person-02,,0,0,1,False,33,33,2026-08-14T09:00:20Z,2026-08-14T09:00:20Z,2026-08-14T09:00:20Z,2026-08-14T09:00:22Z,2026-08-14T09:04:36Z,,0.0006,0.0706,,0.0,0.0,0.0,,0.0,0,0,False,0,False,
225,repo-07,False,MERGED,False,person-02,True,person-02,,0,0,1,False,3,3,2026-08-14T09:06:37Z,2026-08-14T09:06:37Z,2026-08-14T09:06:37Z,2026-08-14T09:06:39Z,2026-08-14T09:10:43Z,,0.0006,0.0678,,0.0,0.0,0.0,,0.0,0,0,False,0,False,
226,repo-03,True,MERGED,True,person-10,False,person-10,person-04;person-07;person-12,2,1,5,False,862,0,2026-08-17T02:52:18Z,2026-08-18T02:42:47Z,2026-08-18T02:42:47Z,2026-08-17T05:53:14Z,2026-08-18T03:08:22Z,2026-08-21T04:26:13Z,3.0156,21.2522,73.2975,23.8414,3.0156,5.7522,26.7975,8.3414,0,3,True,3,False,
227,repo-06,False,MERGED,False,person-12,False,person-12,person-04;person-10,1,1,3,False,164,10,2026-08-17T04:11:30Z,2026-08-17T04:27:21Z,2026-08-17T04:27:21Z,2026-08-17T04:16:18Z,2026-08-17T04:43:01Z,,0.08,0.4453,,0.2642,0.08,0.4453,,0.2642,0,1,True,0,False,
228,repo-06,False,MERGED,False,person-12,False,person-12,person-04;person-10,1,1,1,False,14,2,2026-08-17T05:03:49Z,2026-08-17T05:03:49Z,2026-08-17T05:03:49Z,2026-08-17T05:04:43Z,2026-08-17T05:06:23Z,,0.015,0.0278,,0.0,0.015,0.0278,,0.0,0,0,False,0,False,
229,repo-03,True,MERGED,False,person-01,False,person-01,person-04;person-12,1,1,1,False,49,6,2026-08-17T05:33:28Z,2026-08-17T05:33:28Z,2026-08-17T05:33:28Z,2026-08-17T05:33:58Z,2026-08-17T05:42:21Z,2026-08-21T04:26:13Z,0.0083,0.1397,94.7311,0.0,0.0083,0.1397,32.7311,0.0,0,0,False,0,False,
230,repo-03,True,OPEN,True,person-07,False,person-07,person-04,0,1,1,False,260,2605,2026-08-17T05:57:53Z,2026-08-17T05:57:53Z,2026-08-17T05:57:53Z,,,,,,,0.0,,,,0.0,0,0,False,0,False,
231,repo-06,False,MERGED,False,person-10,False,person-10,person-04;person-07;person-12,2,1,1,False,0,2,2026-08-17T06:38:32Z,2026-08-17T06:38:32Z,2026-08-17T06:38:32Z,2026-08-17T06:38:54Z,2026-08-17T06:43:50Z,,0.0061,0.0822,,0.0,0.0061,0.0822,,0.0,0,0,False,0,False,
232,repo-03,True,MERGED,False,person-12,False,person-10;person-12,person-04;person-07,1,1,4,False,1864,19,2026-08-17T07:16:23Z,2026-08-18T02:03:08Z,2026-08-18T02:03:08Z,2026-08-17T07:19:08Z,2026-08-18T02:46:05Z,2026-08-21T04:26:13Z,0.0458,19.4492,73.6689,18.7792,0.0458,3.9492,27.1689,3.2792,0,3,True,1,False,
233,repo-03,True,MERGED,False,person-11,False,person-11,person-04;person-12,1,1,7,False,294,139,2026-08-18T01:06:36Z,2026-08-18T03:38:48Z,2026-08-18T03:38:48Z,2026-08-18T03:24:13Z,2026-08-18T03:48:42Z,2026-08-21T04:26:13Z,2.2936,0.4081,72.6253,2.5367,2.2936,0.4081,26.1253,2.5367,0,2,True,1,False,
234,repo-03,True,MERGED,False,person-07,False,person-07,person-04;person-12,1,1,3,False,32,7,2026-08-18T03:09:35Z,2026-08-18T03:51:55Z,2026-08-18T03:46:28Z,2026-08-18T03:10:04Z,2026-08-18T04:00:19Z,2026-08-21T04:26:13Z,0.0081,0.8375,72.4317,0.6147,0.0081,0.8375,25.9317,0.6147,1,1,True,0,False,
235,repo-03,True,MERGED,True,person-08,False,person-06;person-07;person-08;person-11,person-04;person-07;person-11,2,1,37,False,1796,197,2026-08-18T04:13:06Z,2026-08-20T05:46:30Z,2026-08-20T05:45:39Z,2026-08-18T07:11:50Z,2026-08-20T05:55:21Z,2026-08-21T04:26:13Z,2.9789,46.7253,22.5144,49.5425,2.9789,15.7253,7.0144,18.5425,1,26,True,1,False,
236,repo-03,True,MERGED,False,person-10,False,person-10,person-04;person-07;person-12,2,1,1,False,0,0,2026-08-18T04:28:37Z,2026-08-18T04:28:37Z,2026-08-18T04:28:37Z,2026-08-18T04:29:39Z,2026-08-18T04:36:12Z,2026-08-21T04:26:13Z,0.0172,0.1092,71.8336,0.0,0.0172,0.1092,25.3336,0.0,0,0,False,0,False,
237,repo-05,False,MERGED,False,person-07,False,person-01;person-07,person-01;person-04;person-12,2,1,7,False,406,0,2026-08-18T05:58:04Z,2026-08-25T07:06:23Z,2026-08-25T07:06:23Z,2026-08-21T00:52:00Z,2026-08-26T05:45:11Z,,66.8989,124.8864,,169.1386,20.3989,30.3864,,43.6386,0,4,True,1,False,
238,repo-03,True,MERGED,True,person-10,False,person-10,person-04;person-07;person-12,2,1,13,False,1626,50,2026-08-18T07:01:54Z,2026-08-20T02:00:35Z,2026-08-20T02:00:35Z,2026-08-19T23:41:06Z,2026-08-20T02:44:28Z,2026-08-21T04:26:13Z,40.6533,3.0561,25.6958,42.9781,9.6533,3.0561,10.1958,11.9781,0,6,True,3,False,
239,repo-03,True,MERGED,False,person-01,False,person-01,person-04;person-07;person-11,2,1,2,False,3952,10368,2026-08-18T07:03:46Z,2026-08-18T07:59:41Z,2026-08-18T07:59:41Z,2026-08-11T23:48:06Z,2026-08-18T23:13:18Z,2026-08-21T04:26:13Z,,167.42,53.2153,0.9319,,41.92,22.2153,0.4372,0,2,True,2,True,branch history rewritten by force-push
240,repo-05,False,OPEN,True,person-01,False,person-01,,0,0,1,False,296,0,2026-08-18T10:57:31Z,2026-08-18T10:57:31Z,2026-08-18T10:57:31Z,,,,,,,0.0,,,,0.0,0,0,False,0,False,
241,repo-05,False,MERGED,True,person-01,False,person-01,person-04;person-10,1,1,5,False,265,0,2026-08-18T10:58:24Z,2026-08-26T09:00:57Z,2026-08-26T09:00:57Z,2026-08-26T08:41:25Z,2026-08-27T00:24:15Z,,189.7169,15.7139,,190.0425,51.0,1.4042,,51.0,0,1,True,2,False,
242,repo-05,False,MERGED,True,person-01,False,person-01,person-04;person-10,1,1,3,False,87,0,2026-08-18T11:00:16Z,2026-08-25T03:56:10Z,2026-08-25T03:56:10Z,2026-08-25T03:52:14Z,2026-08-26T05:31:11Z,,160.8661,25.6492,,160.9317,38.8706,10.1492,,38.9361,0,1,True,1,False,
243,repo-05,False,MERGED,True,person-01,False,person-01,person-04;person-07;person-11,2,1,3,False,91,0,2026-08-18T11:00:22Z,2026-08-25T07:46:57Z,2026-08-25T07:46:57Z,2026-08-25T07:43:18Z,2026-08-26T07:11:42Z,,164.7156,23.4733,,164.7764,42.5,8.195,,42.5,0,1,True,1,False,
244,repo-05,False,MERGED,True,person-01,False,person-01,person-04;person-11,1,1,5,False,211,0,2026-08-18T11:00:25Z,2026-08-24T07:41:37Z,2026-08-24T07:41:37Z,2026-08-24T07:09:34Z,2026-08-27T00:46:18Z,,140.1525,65.6122,,140.6867,33.6594,19.1122,,34.0,0,3,True,1,False,
245,repo-05,False,MERGED,True,person-01,False,person-01,person-04;person-11,1,1,15,False,931,0,2026-08-18T11:00:29Z,2026-08-25T10:24:51Z,2026-08-25T10:24:51Z,2026-08-25T10:25:26Z,2026-08-27T00:46:10Z,,167.4158,38.3456,,167.4061,42.5,10.2694,,42.5,0,0,False,0,False,
246,repo-05,False,MERGED,True,person-01,False,person-01,person-04;person-07,1,1,3,False,149,0,2026-08-18T11:00:31Z,2026-08-25T10:44:31Z,2026-08-25T10:44:31Z,2026-08-25T10:39:58Z,2026-08-26T05:33:20Z,,167.6575,18.8894,,167.7333,42.5,6.5556,,42.5,0,1,True,0,False,
247,repo-03,True,MERGED,False,person-01,False,person-01,person-04;person-11,1,1,5,False,525,24,2026-08-18T22:36:51Z,2026-08-19T01:56:43Z,2026-08-18T23:27:31Z,2026-08-18T22:37:28Z,2026-08-19T06:50:21Z,2026-08-21T04:26:13Z,0.0103,8.2147,45.5978,0.8444,0.0,7.8392,14.5978,0.4586,1,2,True,0,False,
248,repo-04,False,MERGED,True,person-01,False,person-01,person-04;person-12,1,1,5,False,423,35,2026-08-18T22:40:18Z,2026-08-19T00:41:35Z,2026-08-19T00:41:35Z,2026-08-18T23:27:24Z,2026-08-19T03:06:19Z,,0.785,3.6486,,2.0214,0.4567,3.6486,,1.6931,0,4,True,0,False,
249,repo-03,True,MERGED,False,person-12,False,person-12,person-01;person-04,1,1,1,False,57,11,2026-08-19T00:28:33Z,2026-08-19T00:28:33Z,2026-08-19T00:28:33Z,2026-08-19T00:31:46Z,2026-08-19T00:38:18Z,2026-08-21T04:26:13Z,0.0536,0.1089,51.7986,0.0,0.0536,0.1089,20.7986,0.0,0,0,False,0,False,
250,repo-03,True,MERGED,True,person-01,False,person-01,person-04;person-10;person-12,2,1,2,False,76,9,2026-08-19T05:00:22Z,2026-08-19T06:50:39Z,2026-08-19T05:00:22Z,2026-08-19T05:02:34Z,2026-08-19T06:57:19Z,2026-08-21T04:26:13Z,0.0367,1.9125,45.4817,0.0,0.0367,1.9125,14.4817,0.0,1,0,False,0,False,
251,repo-04,False,MERGED,True,person-01,False,person-01,person-12,1,0,1,False,6,7,2026-08-19T05:00:22Z,2026-08-19T05:00:22Z,2026-08-19T05:00:22Z,2026-08-19T05:23:27Z,2026-08-19T07:00:34Z,,0.3847,1.6186,,0.0,0.3847,1.6186,,0.0,0,0,False,0,False,
252,repo-03,True,MERGED,True,person-11,False,person-11,person-04;person-07;person-14,1,2,17,False,1055,49,2026-08-19T05:09:52Z,2026-08-20T06:47:11Z,2026-08-20T06:47:11Z,2026-08-20T05:45:28Z,2026-08-20T07:11:11Z,2026-08-21T04:26:13Z,24.5933,1.4286,21.2506,25.6219,9.0933,1.4286,5.7506,10.1219,0,4,True,7,False,
253,repo-03,True,MERGED,False,person-12,False,person-12,person-04;person-11,1,1,7,False,572,238,2026-08-19T05:36:39Z,2026-08-19T07:14:40Z,2026-08-19T07:14:01Z,2026-08-19T05:37:26Z,2026-08-19T11:59:42Z,2026-08-21T04:26:13Z,0.0131,6.3711,40.4419,1.6228,0.0131,1.8761,13.9369,1.6228,1,5,True,0,False,
254,repo-06,False,MERGED,True,person-01,False,person-01,person-04;person-12,1,1,1,False,1265,1031,2026-08-19T06:43:36Z,2026-08-19T06:43:36Z,2026-08-19T06:43:36Z,2026-08-19T06:48:57Z,2026-08-19T06:51:10Z,,0.0892,0.0369,,0.0,0.0892,0.0369,,0.0,0,0,False,0,False,
255,repo-11,False,MERGED,False,person-01,False,person-01,person-04,0,1,3,False,1217,101,2026-08-19T10:10:38Z,2026-08-19T10:43:21Z,2026-08-19T10:43:21Z,2026-08-19T10:32:57Z,2026-08-19T10:45:03Z,,0.3719,0.2017,,0.5453,0.0,0.0,,0.0,0,2,True,0,False,
256,repo-04,False,MERGED,True,person-01,False,person-01,person-04;person-12,1,1,1,False,24,1,2026-08-19T12:35:04Z,2026-08-19T12:35:04Z,2026-08-19T12:35:04Z,2026-08-19T12:37:47Z,2026-08-20T02:25:32Z,,0.0453,13.7958,,0.0,0.0,3.4256,,0.0,0,0,False,0,False,
257,repo-03,True,MERGED,True,person-01,False,person-01,person-04;person-12,1,1,1,False,48,0,2026-08-19T12:35:05Z,2026-08-19T12:35:05Z,2026-08-19T12:35:05Z,2026-08-19T12:37:17Z,2026-08-20T02:24:46Z,2026-08-21T04:26:13Z,0.0367,13.7914,26.0242,0.0,0.0,3.4128,10.5242,0.0,0,0,False,1,False,
258,repo-03,True,MERGED,False,person-12,False,person-12,person-01;person-04;person-07;person-10;person-11,4,1,3,False,57,3,2026-08-20T02:10:07Z,2026-08-20T03:09:00Z,2026-08-20T02:15:46Z,2026-08-20T02:10:50Z,2026-08-20T03:16:45Z,2026-08-21T04:26:13Z,0.0119,1.0986,25.1578,0.0942,0.0119,1.0986,9.6578,0.0942,1,1,True,0,False,
259,repo-03,True,MERGED,False,person-12,False,person-12,person-04;person-07,1,1,3,False,50,0,2026-08-20T03:38:54Z,2026-08-20T22:41:41Z,2026-08-20T03:46:28Z,2026-08-20T03:39:19Z,2026-08-20T22:50:37Z,2026-08-21T04:26:13Z,0.0069,19.1883,5.5933,0.1261,0.0069,3.8447,5.4369,0.1261,1,1,True,0,False,
260,repo-04,False,MERGED,False,person-01,False,person-01,person-04;person-12,1,1,3,False,16,0,2026-08-20T03:45:01Z,2026-08-20T03:57:04Z,2026-08-20T03:57:04Z,2026-08-20T03:51:08Z,2026-08-20T04:00:42Z,,0.1019,0.1594,,0.2008,0.1019,0.1594,,0.2008,0,2,True,0,False,
261,repo-03,True,MERGED,False,person-12,False,person-12,person-01;person-04;person-07,2,1,5,False,22,6,2026-08-20T04:01:27Z,2026-08-20T06:16:08Z,2026-08-20T04:49:19Z,2026-08-20T04:01:45Z,2026-08-20T06:25:04Z,2026-08-21T04:26:13Z,0.005,2.3886,22.0192,0.7978,0.005,2.3886,6.5192,0.7978,1,3,True,0,False,
262,repo-05,False,MERGED,False,person-01,False,person-01,person-04;person-07;person-11,2,1,2,False,91,78,2026-08-20T05:49:45Z,2026-08-20T05:59:05Z,2026-08-20T05:59:05Z,2026-08-20T05:51:33Z,2026-08-26T07:20:17Z,,0.03,145.4789,,0.1556,0.03,35.4789,,0.1556,0,1,True,2,False,
263,repo-04,False,MERGED,True,person-01,False,person-01,person-04;person-12,1,1,2,False,11,8,2026-08-20T07:32:33Z,2026-08-25T04:35:08Z,2026-08-25T04:35:08Z,2026-08-25T06:13:09Z,2026-08-25T06:28:23Z,,118.6767,0.2539,,117.0431,24.2192,0.2539,,22.5856,0,0,False,1,False,
264,repo-03,True,MERGED,False,person-10,False,person-10,person-04;person-07,1,1,3,False,524,235,2026-08-21T01:00:37Z,2026-08-21T02:04:15Z,2026-08-21T02:04:15Z,2026-08-21T00:51:12Z,2026-08-21T03:00:20Z,2026-08-21T04:26:13Z,,2.1522,1.4314,1.0606,,2.1522,1.4314,1.0606,0,3,True,2,True,branch history rewritten by force-push
265,repo-03,True,MERGED,False,person-07,False,person-07,person-04;person-11,1,1,3,False,813,46,2026-08-21T01:41:13Z,2026-08-21T02:00:06Z,2026-08-21T02:00:06Z,2026-08-21T01:41:52Z,2026-08-21T02:08:34Z,2026-08-21T04:26:13Z,0.0108,0.445,2.2942,0.3147,0.0108,0.445,2.2942,0.3147,0,2,True,0,False,
266,repo-03,True,MERGED,False,person-07,False,person-07,person-04;person-08;person-10;person-11;person-12,4,1,11,False,928,177,2026-08-21T04:05:48Z,2026-08-21T05:16:43Z,2026-08-21T05:16:43Z,2026-08-21T04:06:27Z,2026-08-21T05:25:05Z,,0.0108,1.3106,,1.1819,0.0108,1.3106,,1.1819,0,10,True,1,False,
267,repo-04,False,MERGED,False,person-01,False,person-01,person-04;person-07;person-11,2,1,4,False,127,59,2026-08-21T05:44:05Z,2026-08-21T10:01:55Z,2026-08-21T10:01:55Z,2026-08-21T07:04:26Z,2026-08-23T23:14:21Z,,1.3392,64.1653,,4.2972,1.3392,0.6653,,1.7653,0,3,True,0,False,
268,repo-03,True,MERGED,False,person-01,False,person-01,person-04;person-07,1,1,10,False,212,213,2026-08-21T05:44:06Z,2026-08-21T09:56:12Z,2026-08-21T09:56:12Z,2026-08-21T07:04:26Z,2026-08-22T03:07:46Z,2026-08-24T03:07:37Z,1.3389,20.0556,47.9975,4.2017,1.3389,0.4261,4.1269,1.765,0,8,True,2,False,
269,repo-02,False,MERGED,False,person-02,True,person-02,person-01,1,0,1,False,480,117,2026-08-21T06:14:10Z,2026-08-21T06:14:10Z,2026-08-21T06:14:10Z,2026-08-21T06:14:12Z,2026-08-21T06:16:36Z,,0.0006,0.04,,0.0,0.0006,0.04,,0.0,0,0,False,0,False,
270,repo-02,False,MERGED,True,person-01,False,person-01;person-14,person-04,0,1,1,False,4,0,2026-08-21T06:20:37Z,2026-08-21T06:20:37Z,2026-08-21T06:20:37Z,2026-08-21T06:20:44Z,2026-08-21T06:28:16Z,,0.0019,0.1256,,0.0,0.0019,0.1256,,0.0,0,0,False,0,False,
271,repo-06,False,MERGED,True,person-01,False,person-01,person-04,0,1,4,False,8,8,2026-08-21T07:02:17Z,2026-08-21T07:06:10Z,2026-08-21T07:06:10Z,2026-08-21T07:07:05Z,2026-08-21T07:08:32Z,,0.08,0.0242,,0.0647,0.08,0.0242,,0.0647,0,0,False,0,False,
272,repo-01,False,MERGED,False,person-01,False,person-01;person-06,person-04,0,1,4,False,119,118,2026-08-21T07:29:33Z,2026-08-21T07:36:38Z,2026-08-21T07:36:38Z,2026-08-21T07:29:50Z,2026-08-21T07:40:32Z,,0.0047,0.1783,,0.1181,0.0047,0.0028,,0.0075,0,3,True,0,False,
273,repo-01,False,MERGED,True,person-01,False,person-01;person-14,person-04,0,1,1,False,3,0,2026-08-21T10:13:02Z,2026-08-21T10:13:02Z,2026-08-21T10:13:02Z,2026-08-21T10:13:08Z,2026-08-21T10:13:15Z,,0.0017,0.0019,,0.0,0.0,0.0,,0.0,0,0,False,0,False,
274,repo-01,False,MERGED,True,person-01,False,person-01;person-14,person-04,0,1,1,False,4,0,2026-08-21T10:13:55Z,2026-08-21T10:13:55Z,2026-08-21T10:13:55Z,2026-08-21T10:14:06Z,2026-08-21T10:14:11Z,,0.0031,0.0014,,0.0,0.0,0.0,,0.0,0,0,False,0,False,
275,repo-06,False,MERGED,True,person-01,False,person-01;person-14,person-04,0,1,1,False,4,0,2026-08-21T10:16:25Z,2026-08-21T10:16:25Z,2026-08-21T10:16:25Z,2026-08-21T10:16:32Z,2026-08-21T10:16:37Z,,0.0019,0.0014,,0.0,0.0,0.0,,0.0,0,0,False,0,False,
276,repo-01,False,MERGED,False,person-02,True,person-02,,0,0,1,False,21,21,2026-08-21T10:20:17Z,2026-08-21T10:20:17Z,2026-08-21T10:20:17Z,2026-08-21T10:20:19Z,2026-08-21T10:21:42Z,,0.0006,0.0231,,0.0,0.0,0.0,,0.0,0,0,False,0,False,
277,repo-03,True,MERGED,True,person-11,False,person-11,person-04;person-07;person-12,2,1,10,False,537,17,2026-08-23T23:29:05Z,2026-08-24T06:00:15Z,2026-08-24T06:00:15Z,2026-08-24T04:48:04Z,2026-08-24T06:09:18Z,2026-08-26T07:17:43Z,5.3164,1.3539,49.1403,6.5194,5.3164,1.3539,18.1403,6.5194,0,4,True,1,False,
278,repo-03,True,MERGED,True,person-07,False,person-07,person-04;person-08;person-11;person-12,3,1,11,False,2471,65,2026-08-24T00:28:00Z,2026-08-25T05:54:30Z,2026-08-25T05:54:30Z,2026-08-25T00:57:00Z,2026-08-25T06:20:56Z,2026-08-26T07:17:43Z,24.4833,5.3989,24.9464,29.4417,8.9833,5.3989,9.4464,13.9417,0,2,True,4,False,
279,repo-03,True,MERGED,True,person-11,False,person-11,person-04;person-07,1,1,11,False,1754,112,2026-08-24T01:52:04Z,2026-08-25T06:04:34Z,2026-08-25T06:04:34Z,2026-08-25T01:32:57Z,2026-08-25T07:32:38Z,2026-09-03T06:31:14Z,23.6814,5.9947,214.9767,28.2083,8.1814,5.9508,58.5206,12.7083,0,5,True,3,False,
280,repo-03,True,MERGED,False,person-10,False,person-10,person-04;person-07,1,1,4,False,26,28,2026-08-24T02:47:21Z,2026-08-24T03:04:15Z,2026-08-24T03:04:15Z,2026-08-24T02:48:07Z,2026-08-24T03:12:22Z,2026-08-24T03:35:31Z,0.0128,0.4042,0.3858,0.2817,0.0128,0.4042,0.3858,0.2817,0,3,True,0,False,
281,repo-03,True,MERGED,True,person-10,False,person-06;person-10,person-04;person-07;person-12,2,1,8,False,1937,101,2026-08-24T02:56:34Z,2026-08-24T06:53:19Z,2026-08-24T06:53:19Z,2026-08-24T04:48:00Z,2026-08-24T07:07:39Z,2026-08-26T07:17:43Z,1.8572,2.3275,48.1678,3.9458,1.8572,2.3275,17.1678,3.9458,0,6,True,1,False,
282,repo-05,False,MERGED,False,person-01,False,person-01,person-04;person-11,1,1,2,False,464,220,2026-08-24T03:57:24Z,2026-08-27T00:57:45Z,2026-08-27T00:57:45Z,2026-08-24T03:58:00Z,2026-08-27T01:08:56Z,,0.01,69.1822,,69.0058,0.01,22.6822,,22.5058,0,1,True,1,False,
283,repo-03,True,MERGED,False,person-07,False,person-07,person-04;person-12,1,1,7,False,147,72,2026-08-24T05:41:47Z,2026-08-24T09:12:04Z,2026-08-24T09:12:04Z,2026-08-24T05:51:33Z,2026-08-24T23:14:47Z,,0.1628,17.3872,,3.5047,0.1628,1.8872,,1.8036,0,6,True,7,False,
284,repo-03,True,MERGED,True,person-08,False,person-06;person-07;person-08,person-04;person-07;person-10;person-13,2,2,14,False,3064,671,2026-08-24T06:53:04Z,2026-08-25T00:23:25Z,2026-08-25T00:23:25Z,2026-08-21T04:40:52Z,2026-08-25T00:35:02Z,2026-08-26T07:17:43Z,,91.9028,30.7114,17.5058,,12.9028,15.2114,2.0058,0,14,True,4,True,branch history rewritten by force-push
285,repo-03,True,MERGED,True,person-08,False,person-08,person-04;person-12,1,1,17,False,14,6,2026-08-24T06:53:44Z,2026-08-25T05:10:47Z,2026-08-25T05:10:47Z,2026-08-24T07:54:27Z,2026-08-25T05:21:45Z,2026-08-26T07:17:43Z,1.0119,21.455,25.9328,22.2842,0.6044,6.3625,10.4328,6.7842,0,11,True,0,False,
286,repo-04,False,OPEN,True,person-01,False,person-01,person-04,0,1,1,False,24,0,2026-08-24T08:24:08Z,2026-08-24T08:24:08Z,2026-08-24T08:24:08Z,,,,,,,0.0,,,,0.0,0,0,False,0,False,
287,repo-03,True,MERGED,True,person-07,False,person-07,person-04;person-12,1,1,8,False,628,112,2026-08-25T01:24:15Z,2026-08-27T00:05:33Z,2026-08-26T23:56:20Z,2026-08-26T01:38:42Z,2026-08-27T00:16:23Z,2026-09-03T06:31:14Z,24.2408,22.6281,174.2475,46.5347,8.7408,7.1281,48.7475,15.5347,1,1,True,0,False,
288,repo-05,False,MERGED,False,person-01,False,person-01,person-04;person-05,1,1,1,False,794,876,2026-08-25T03:10:04Z,2026-08-25T03:10:04Z,2026-08-25T03:10:04Z,2026-08-25T03:10:16Z,2026-08-25T03:12:53Z,,0.0033,0.0436,,0.0,0.0033,0.0436,,0.0,0,0,False,0,False,
289,repo-05,False,MERGED,False,person-01,False,person-01,person-04;person-12,1,1,1,False,5555,0,2026-08-25T03:19:49Z,2026-08-25T03:19:49Z,2026-08-25T03:19:49Z,2026-08-25T03:20:14Z,2026-08-25T03:24:38Z,,0.0069,0.0733,,0.0,0.0069,0.0733,,0.0,0,0,False,1,False,
290,repo-03,True,MERGED,False,person-01,False,person-01,person-04;person-11,1,1,1,False,0,5555,2026-08-25T03:23:17Z,2026-08-25T03:23:17Z,2026-08-25T03:23:17Z,2026-08-25T03:23:48Z,2026-08-25T03:32:25Z,2026-08-26T07:17:43Z,0.0086,0.1436,27.755,0.0,0.0086,0.1436,12.255,0.0,0,0,False,0,False,
291,repo-05,False,OPEN,True,person-01,False,person-01,,0,0,1,False,876,794,2026-08-25T03:25:46Z,2026-08-25T03:25:46Z,2026-08-25T03:25:46Z,,,,,,,0.0,,,,0.0,0,0,False,0,False,
292,repo-03,True,MERGED,True,person-01,False,person-01,person-04;person-12,1,1,2,False,149,129,2026-08-25T04:35:09Z,2026-08-25T06:09:59Z,2026-08-25T06:09:59Z,2026-08-25T06:12:01Z,2026-08-25T06:36:26Z,2026-08-26T07:17:43Z,1.6144,0.4069,24.6881,1.5806,1.6144,0.4069,9.1881,1.5806,0,0,False,2,False,
293,repo-03,True,MERGED,False,person-01,False,person-01,person-04;person-12,1,1,1,False,15,8,2026-08-25T04:56:07Z,2026-08-25T04:56:07Z,2026-08-25T04:56:07Z,2026-08-25T04:56:53Z,2026-08-25T05:07:21Z,2026-08-26T07:17:43Z,0.0128,0.1744,26.1728,0.0,0.0128,0.1744,10.6728,0.0,0,0,False,0,False,
294,repo-03,True,MERGED,False,person-01,False,person-01,person-04;person-08;person-11,2,1,3,False,203,230,2026-08-25T05:14:00Z,2026-08-28T02:15:56Z,2026-08-25T06:23:46Z,2026-08-20T04:43:04Z,2026-08-28T02:25:51Z,2026-09-03T06:31:14Z,,189.7131,148.0897,1.1628,,48.7131,38.0897,1.1628,1,2,True,4,True,branch history rewritten by force-push
295,repo-03,True,MERGED,False,person-12,False,person-12,person-04;person-10,1,1,6,False,44,1,2026-08-25T05:19:13Z,2026-08-26T00:34:32Z,2026-08-25T05:48:46Z,2026-08-25T05:19:37Z,2026-08-26T00:43:37Z,2026-09-03T06:31:14Z,0.0067,19.4,197.7936,0.4925,0.0067,3.9,56.7936,0.4925,2,3,True,0,False,
296,repo-03,True,MERGED,False,person-10,False,person-10,person-04;person-07;person-09,1,2,10,False,1105,237,2026-08-25T06:22:55Z,2026-08-26T06:40:56Z,2026-08-26T06:40:56Z,2026-08-25T06:26:04Z,2026-08-26T06:50:30Z,2026-09-03T06:31:14Z,0.0525,24.4072,191.6789,24.3003,0.0525,8.9072,50.6789,8.8003,0,9,True,3,False,
297,repo-03,True,MERGED,True,person-08,False,person-08,person-04;person-07;person-10,2,1,4,False,1,23,2026-08-25T08:09:59Z,2026-09-01T03:49:23Z,2026-09-01T03:47:28Z,2026-08-25T08:16:51Z,2026-09-01T04:48:42Z,2026-09-03T06:31:14Z,0.1144,164.5308,49.7089,163.6247,0.0,39.8117,18.7089,38.7911,1,1,True,0,False,
298,repo-03,True,MERGED,False,person-07,False,person-07,person-04;person-12,1,1,1,False,16,17,2026-08-26T01:43:30Z,2026-08-26T01:43:30Z,2026-08-26T01:43:30Z,2026-08-26T01:43:54Z,2026-08-26T06:00:56Z,2026-09-03T06:31:14Z,0.0067,4.2839,192.505,0.0,0.0067,4.2839,51.505,0.0,0,0,False,0,False,
299,repo-03,True,MERGED,True,person-11,False,person-11,person-04;person-10,1,1,8,False,127,9,2026-08-26T03:51:11Z,2026-08-26T08:12:50Z,2026-08-26T08:12:50Z,2026-08-26T11:20:12Z,2026-08-26T23:34:40Z,2026-09-03T06:31:14Z,7.4836,12.2411,174.9428,4.3608,3.6469,0.5778,49.4428,3.6469,0,0,False,2,False,
300,repo-03,True,MERGED,True,person-07,False,person-07,person-04;person-08;person-09;person-10;person-11,3,2,4,False,1216,419,2026-08-26T05:46:37Z,2026-08-27T06:30:09Z,2026-08-27T06:30:09Z,2026-08-27T03:50:34Z,2026-08-27T06:41:32Z,2026-09-03T06:31:14Z,22.0658,2.8494,167.8283,24.7256,6.5658,2.8494,42.3283,9.2256,0,1,True,3,False,
301,repo-03,True,MERGED,True,person-08,False,person-08,person-04;person-07,1,1,4,False,84,8,2026-08-26T06:14:25Z,2026-08-26T07:34:38Z,2026-08-26T06:14:25Z,2026-08-26T08:45:05Z,2026-08-26T23:16:02Z,2026-09-03T06:31:14Z,2.5111,14.5158,175.2533,0.0,1.2597,0.2672,49.7533,0.0,3,0,False,0,False,
302,repo-03,True,MERGED,False,person-12,False,person-12,person-04;person-10,1,1,5,False,1109,237,2026-08-26T06:43:11Z,2026-08-26T07:11:30Z,2026-08-26T07:11:30Z,2026-08-26T06:44:28Z,2026-08-26T07:19:53Z,2026-09-03T06:31:14Z,0.0214,0.5903,191.1892,0.4719,0.0214,0.5903,50.1892,0.4719,0,3,True,0,False,
303,repo-07,False,MERGED,False,person-11,False,person-11,person-04;person-07;person-08,2,1,2,False,689,32,2026-08-26T07:05:59Z,2026-08-26T07:38:15Z,2026-08-26T07:38:15Z,2026-08-26T07:06:29Z,2026-08-26T07:50:43Z,,0.0083,0.7372,,0.5378,0.0083,0.3919,,0.4003,0,1,True,1,False,
304,repo-03,True,MERGED,True,person-11,False,person-11,person-04;person-07,1,1,4,False,311,81,2026-08-27T03:42:33Z,2026-09-01T02:01:04Z,2026-09-01T02:01:04Z,2026-08-27T03:43:49Z,2026-09-01T03:46:43Z,2026-09-03T06:31:14Z,0.0211,120.0483,50.7419,118.3086,0.0211,25.5483,19.7419,23.8086,0,3,True,1,False,
305,repo-03,True,MERGED,True,person-08,False,person-08,person-04;person-07;person-12,2,1,28,False,1379,150,2026-08-27T04:11:42Z,2026-09-01T07:18:20Z,2026-09-01T07:18:20Z,2026-08-27T08:09:29Z,2026-09-01T07:30:19Z,2026-09-03T06:31:14Z,3.9631,119.3472,47.0153,123.1106,3.305,25.5,16.0206,28.6106,0,17,True,0,False,
306,repo-05,False,OPEN,True,person-01,False,person-01,,0,0,1,False,145,0,2026-08-27T05:01:34Z,2026-08-27T05:01:34Z,2026-08-27T05:01:34Z,,,,,,,0.0,,,,0.0,0,0,False,0,False,
307,repo-05,False,OPEN,True,person-01,False,person-01,person-04,0,1,5,False,496,0,2026-08-27T05:37:24Z,2026-08-27T06:13:59Z,2026-08-27T06:13:59Z,,,,,,,0.6097,,,,0.6097,0,0,False,0,False,
308,repo-03,True,MERGED,True,person-11,False,person-11,person-04;person-07,1,1,5,False,897,30,2026-08-27T06:33:10Z,2026-09-01T01:10:05Z,2026-09-01T01:10:05Z,2026-08-28T03:27:46Z,2026-09-01T01:26:52Z,2026-09-03T06:31:14Z,20.91,93.985,53.0728,114.6153,5.41,14.985,22.0728,20.1153,0,3,True,3,False,
309,repo-03,True,MERGED,False,person-10,False,person-10,person-01;person-04;person-07,2,1,4,False,80,43,2026-08-27T06:45:27Z,2026-09-01T06:49:09Z,2026-09-01T05:01:05Z,2026-08-27T06:47:05Z,2026-09-01T06:59:55Z,2026-09-03T06:31:14Z,0.0272,120.2139,47.5219,118.2606,0.0272,25.7139,16.5219,23.7606,1,2,True,3,False,
310,repo-03,True,MERGED,False,person-01,False,person-01,person-04;person-12,1,1,1,False,621,641,2026-08-27T07:15:04Z,2026-08-27T07:15:04Z,2026-08-27T07:15:04Z,2026-08-27T07:15:48Z,2026-08-27T23:47:23Z,2026-09-03T06:31:14Z,0.0122,16.5264,150.7308,0.0,0.0122,1.0264,40.7308,0.0,0,0,False,0,False,
311,repo-03,True,MERGED,False,person-10,False,person-10,person-04;person-07;person-12,2,1,9,False,1438,44,2026-08-28T00:14:45Z,2026-08-30T23:18:37Z,2026-08-30T23:18:37Z,2026-08-28T01:57:09Z,2026-08-31T00:51:58Z,2026-09-03T06:31:14Z,1.7067,70.9136,77.6544,71.0644,1.7067,7.4136,31.1544,7.5644,0,6,True,1,False,
312,repo-12,False,OPEN,True,person-12,False,person-12,,0,0,1,False,112,0,2026-08-28T01:58:56Z,2026-08-28T01:58:56Z,2026-08-28T01:58:56Z,,,,,,,0.0,,,,0.0,0,0,False,0,False,
313,repo-12,False,OPEN,False,person-12,False,person-12,,0,0,1,False,21,0,2026-08-28T02:02:49Z,2026-08-28T02:02:49Z,2026-08-28T02:02:49Z,2026-08-28T02:03:43Z,,,0.015,,,0.0,0.015,,,0.0,0,0,False,0,False,
314,repo-03,True,MERGED,False,person-01,False,person-01,person-04;person-12,1,1,2,False,1317,235,2026-08-28T02:12:13Z,2026-08-28T02:19:08Z,2026-08-28T02:19:08Z,2026-08-28T02:12:58Z,2026-08-28T03:57:12Z,2026-09-03T06:31:14Z,0.0125,1.7372,146.5672,0.1153,0.0125,1.7372,36.5672,0.1153,0,1,True,1,False,
315,repo-12,False,MERGED,False,person-12,False,person-12,,0,0,1,False,59,235,2026-08-28T02:20:22Z,2026-08-28T02:20:22Z,2026-08-28T02:20:22Z,2026-08-28T02:20:35Z,2026-08-28T02:44:10Z,,0.0036,0.3931,,0.0,0.0036,0.3931,,0.0,0,0,False,0,False,
316,repo-12,False,MERGED,False,person-12,False,person-12,,0,0,5,False,4143,4,2026-08-28T05:01:52Z,2026-09-01T03:56:19Z,2026-09-01T03:56:19Z,2026-09-01T06:09:29Z,2026-09-01T06:12:52Z,,97.1269,0.0564,,94.9075,18.1269,0.0564,,15.9075,0,0,False,0,False,
317,repo-12,False,OPEN,False,person-12,False,person-12,,0,0,2,False,1494,3,2026-08-28T05:01:52Z,2026-08-28T05:18:44Z,2026-08-28T05:18:44Z,2026-08-28T06:00:40Z,,,0.98,,,0.2811,0.98,,,0.2811,0,0,False,0,False,
318,repo-03,True,MERGED,False,person-01,False,person-01;person-06,person-04;person-12,1,1,3,False,1121,1077,2026-08-28T05:32:25Z,2026-09-03T00:19:55Z,2026-09-03T00:19:55Z,2026-08-28T05:34:32Z,2026-09-03T00:38:12Z,2026-09-03T06:31:14Z,0.0353,139.0611,5.8839,138.7917,0.0353,29.0611,5.8839,28.7917,0,2,True,3,False,
319,repo-05,False,MERGED,False,person-07,False,person-07,person-01;person-04,1,1,2,False,26,12,2026-08-28T06:10:37Z,2026-08-31T07:33:38Z,2026-08-31T07:33:38Z,2026-08-28T06:10:49Z,2026-09-01T03:35:47Z,,0.0033,93.4161,,73.3836,0.0033,14.4161,,9.8231,0,1,True,0,False,
320,repo-03,True,MERGED,True,person-11,False,person-11,person-04;person-07;person-10,2,1,15,False,856,71,2026-08-28T06:23:43Z,2026-09-01T04:07:31Z,2026-09-01T04:07:31Z,2026-09-01T00:45:35Z,2026-09-01T05:26:45Z,2026-09-03T06:31:14Z,90.3644,4.6861,49.0747,93.73,11.3644,4.6861,18.0747,14.73,0,4,True,4,False,
321,repo-05,False,MERGED,False,person-07,False,person-07,person-01;person-04,1,1,10,False,65,16,2026-08-28T06:40:12Z,2026-09-01T03:45:22Z,2026-08-31T06:57:08Z,2026-08-28T06:40:23Z,2026-09-02T02:32:24Z,,0.0031,115.8669,,72.2822,0.0031,21.3669,,8.7822,1,8,True,0,False,
322,repo-03,True,MERGED,True,person-08,False,person-08,person-04;person-07,1,1,2,False,1,0,2026-08-28T07:57:34Z,2026-08-30T23:14:14Z,2026-08-30T23:14:14Z,2026-08-28T08:01:15Z,2026-09-01T01:54:02Z,2026-09-03T06:31:14Z,0.0614,89.8797,52.62,63.2778,0.0,11.4006,21.62,0.2372,0,1,True,1,False,
323,repo-03,True,MERGED,True,person-08,False,person-07;person-08;person-12,person-04;person-05;person-07;person-12,3,1,20,False,553,86,2026-08-31T01:22:37Z,2026-09-03T02:00:00Z,2026-09-03T02:00:00Z,2026-09-01T07:46:37Z,2026-09-03T02:19:19Z,2026-09-03T06:31:14Z,30.4,42.545,4.1986,72.6231,14.6231,11.8219,4.1986,26.1231,0,6,True,0,False,
324,repo-03,True,MERGED,False,person-10,False,person-10,person-04;person-07,1,1,4,False,703,68,2026-08-31T01:45:38Z,2026-08-31T23:59:10Z,2026-08-31T23:59:10Z,2026-08-31T02:29:25Z,2026-09-01T00:42:25Z,2026-09-03T06:31:14Z,0.7297,22.2167,53.8136,22.2256,0.7297,6.7167,22.8136,6.7256,0,3,True,1,False,
325,repo-04,False,MERGED,False,person-05,False,person-05,person-01;person-04,1,1,1,False,3,2,2026-08-31T02:59:03Z,2026-08-31T02:59:03Z,2026-08-31T02:59:03Z,2026-08-31T02:59:48Z,2026-08-31T03:02:41Z,,0.0125,0.0481,,0.0,0.0125,0.0481,,0.0,0,0,False,0,False,
326,repo-06,False,MERGED,False,person-08,False,person-08,person-04;person-07,1,1,1,False,3,1,2026-08-31T23:29:46Z,2026-08-31T23:29:46Z,2026-08-31T23:29:46Z,2026-09-01T04:19:31Z,2026-09-16T03:32:02Z,,4.8292,359.2086,,0.0,4.8292,92.7086,,0.0,0,0,False,0,False,
327,repo-03,True,MERGED,False,person-10,False,person-10,person-04;person-11;person-12,2,1,7,False,1448,360,2026-09-01T00:02:25Z,2026-09-01T06:08:01Z,2026-09-01T06:08:01Z,2026-09-01T00:05:55Z,2026-09-01T06:48:42Z,2026-09-03T06:31:14Z,0.0583,6.7131,47.7089,6.0933,0.0583,6.7131,16.7089,6.0933,0,6,True,3,False,
328,repo-03,True,MERGED,True,person-01,False,person-01,person-04;person-12,1,1,10,False,9706,3605,2026-09-01T04:53:30Z,2026-09-02T03:33:24Z,2026-09-02T03:18:10Z,2026-09-01T05:24:23Z,2026-09-02T03:43:46Z,2026-09-03T06:31:14Z,0.5147,22.3231,26.7911,22.4111,0.5147,6.8231,11.2911,6.9111,1,8,True,13,False,
329,repo-03,True,MERGED,False,person-12,False,person-12,person-04;person-10,1,1,5,False,101,112,2026-09-01T05:18:30Z,2026-09-02T07:07:58Z,2026-09-01T05:52:57Z,2026-09-01T05:57:14Z,2026-09-02T07:25:28Z,2026-09-03T06:31:14Z,0.6456,25.4706,23.0961,0.5742,0.6456,9.9706,7.5961,0.5742,3,0,False,0,False,
330,repo-03,True,MERGED,True,person-07,False,person-07;person-12,person-04;person-05;person-11;person-12,3,1,23,False,618,180,2026-09-01T05:34:45Z,2026-09-03T02:20:19Z,2026-09-03T02:15:09Z,2026-09-02T07:08:26Z,2026-09-03T03:26:13Z,2026-09-03T06:31:14Z,25.5614,20.2964,3.0836,44.6733,10.0614,4.7964,3.0836,13.6733,1,18,True,1,False,
331,repo-05,False,MERGED,True,person-07,False,person-07,person-04;person-05,1,1,16,False,148,0,2026-09-01T06:05:15Z,2026-09-08T22:22:19Z,2026-09-08T22:13:43Z,2026-09-01T06:34:45Z,2026-09-08T23:07:13Z,,0.4917,184.5411,,184.1411,0.4917,43.5411,,43.9125,1,12,True,0,False,
332,repo-03,True,MERGED,True,person-11,False,person-11,person-04;person-07;person-12,2,1,29,False,1173,74,2026-09-02T00:16:52Z,2026-09-07T01:25:20Z,2026-09-07T01:25:20Z,2026-09-02T07:16:35Z,2026-09-07T01:46:19Z,2026-09-17T02:05:35Z,6.9953,114.4956,240.3211,121.1411,6.9953,19.9956,68.3211,26.6411,0,22,True,9,False,
333,repo-03,True,MERGED,False,person-05,False,person-05,person-04;person-12,1,1,4,False,298,25,2026-09-02T02:21:50Z,2026-09-02T03:53:01Z,2026-09-02T03:04:14Z,2026-09-02T02:25:49Z,2026-09-02T06:02:56Z,2026-09-03T06:31:14Z,0.0664,3.6186,24.4717,0.7067,0.0664,3.6186,8.9717,0.7067,1,2,True,0,False,
334,repo-03,True,MERGED,True,person-01,False,person-01,person-04;person-11,1,1,25,False,3376,118,2026-09-02T03:14:29Z,2026-09-04T01:55:36Z,2026-09-04T01:55:36Z,2026-09-02T03:55:41Z,2026-09-04T02:13:29Z,2026-09-17T02:05:35Z,0.6867,46.2967,311.8683,46.6853,0.6867,15.2967,76.3683,15.6853,0,18,True,4,False,
335,repo-05,False,MERGED,True,person-01,False,person-01,person-04;person-11,1,1,2,False,51,0,2026-09-02T03:45:33Z,2026-09-02T04:09:21Z,2026-09-02T04:09:21Z,2026-09-04T01:13:38Z,2026-09-04T04:13:44Z,,45.4681,3.0017,,0.3967,14.4681,3.0017,,0.3967,0,0,False,2,False,
336,repo-06,False,MERGED,False,person-12,False,person-12,person-04;person-07;person-11,2,1,1,False,43,28,2026-09-02T05:35:52Z,2026-09-02T05:35:52Z,2026-09-02T05:35:52Z,2026-09-02T05:36:09Z,2026-09-02T07:14:24Z,,0.0047,1.6375,,0.0,0.0047,1.6375,,0.0,0,0,False,0,False,
337,repo-03,True,MERGED,False,person-10,False,person-10,person-04;person-05,1,1,2,False,989,111,2026-09-02T06:50:55Z,2026-09-03T00:20:28Z,2026-09-03T00:20:28Z,2026-09-02T07:02:35Z,2026-09-03T03:41:22Z,2026-09-03T06:31:14Z,0.1944,20.6464,2.8311,17.4925,0.1944,5.1464,2.8311,1.9925,0,1,True,3,False,
338,repo-03,True,MERGED,False,person-12,False,person-12,person-04;person-05,1,1,3,False,294,24,2026-09-02T07:19:20Z,2026-09-02T23:10:59Z,2026-09-02T23:10:59Z,2026-09-02T07:20:50Z,2026-09-02T23:57:18Z,2026-09-03T06:31:14Z,0.025,16.6078,6.5656,15.8608,0.025,1.1078,6.5656,0.3608,0,1,True,0,False,
339,repo-01,False,MERGED,False,person-02,True,person-02,person-05,1,0,1,False,16,16,2026-09-02T07:53:59Z,2026-09-02T07:53:59Z,2026-09-02T07:53:59Z,2026-09-02T07:54:00Z,2026-09-07T10:23:34Z,,0.0003,122.4928,,0.0,0.0,25.5,,0.0,0,0,False,0,False,
340,repo-03,True,MERGED,False,person-05,False,person-05,person-04;person-12,1,1,3,False,210,31,2026-09-02T08:18:42Z,2026-09-03T07:26:41Z,2026-09-02T08:18:42Z,2026-09-02T08:19:43Z,2026-09-03T23:29:55Z,2026-09-17T02:05:35Z,0.0169,39.17,314.5944,0.0,0.0,8.9986,79.0944,0.0,2,0,False,0,False,
341,repo-07,False,MERGED,False,person-02,True,person-02,person-05,1,0,1,False,16,16,2026-09-02T08:19:55Z,2026-09-02T08:19:55Z,2026-09-02T08:19:55Z,2026-09-02T08:19:57Z,2026-09-07T10:22:51Z,,0.0006,122.0483,,0.0,0.0,25.5,,0.0,0,0,False,0,False,
342,repo-05,False,OPEN,False,person-01,False,person-01,person-04,0,1,6,False,248,15,2026-09-02T10:40:55Z,2026-09-02T11:00:50Z,2026-09-02T11:00:50Z,2026-09-02T10:41:10Z,,,0.0042,,,0.3319,0.0,,,0.0,0,5,True,0,False,
343,repo-05,False,MERGED,False,person-01,False,person-01,person-04;person-10,1,1,2,False,350,0,2026-09-02T11:32:16Z,2026-09-04T01:21:27Z,2026-09-04T01:21:27Z,2026-09-02T11:32:55Z,2026-09-04T01:44:46Z,,0.0108,38.1975,,37.8197,0.0,11.2461,,10.8575,0,1,True,0,False,
344,repo-03,True,MERGED,False,person-01,False,person-01,person-04;person-11;person-12,2,1,9,False,116,113,2026-09-03T01:24:31Z,2026-09-03T04:25:04Z,2026-09-03T03:47:40Z,2026-09-03T01:25:23Z,2026-09-03T04:32:54Z,2026-09-03T06:31:14Z,0.0144,3.1253,1.9722,2.3858,0.0144,3.1253,1.9722,2.3858,1,7,True,0,False,
345,repo-03,True,MERGED,False,person-12,False,person-12,person-04;person-07;person-10,2,1,3,False,974,22,2026-09-03T04:00:47Z,2026-09-04T03:46:01Z,2026-09-03T04:00:47Z,2026-09-03T04:01:22Z,2026-09-04T04:05:58Z,2026-09-17T02:05:35Z,0.0097,24.0767,309.9936,0.0,0.0097,8.5767,74.4936,0.0,2,0,False,0,False,
346,repo-03,True,MERGED,False,person-10,False,person-10,person-04;person-12,1,1,4,False,358,28,2026-09-03T04:16:30Z,2026-09-03T23:33:13Z,2026-09-03T23:33:13Z,2026-09-03T04:21:53Z,2026-09-04T01:13:46Z,2026-09-17T02:05:35Z,0.0897,20.8647,312.8636,19.2786,0.0897,5.3647,77.3636,3.7786,0,3,True,5,False,
347,repo-03,True,MERGED,False,person-01,False,person-01,person-04;person-11;person-12,2,1,1,False,15,12,2026-09-03T05:06:04Z,2026-09-03T05:06:04Z,2026-09-03T05:06:04Z,2026-09-03T05:06:34Z,2026-09-03T05:14:41Z,2026-09-03T06:31:14Z,0.0083,0.1353,1.2758,0.0,0.0083,0.1353,1.2758,0.0,0,0,False,0,False,
348,repo-05,False,MERGED,False,person-11,False,person-11,person-04;person-10,1,1,3,False,94,0,2026-09-03T05:34:36Z,2026-09-07T01:46:50Z,2026-09-07T01:46:50Z,2026-09-03T05:44:00Z,2026-09-07T01:53:46Z,,0.1567,92.1628,,92.2039,0.1567,13.1628,,13.2039,0,2,True,2,False,
349,repo-03,True,MERGED,False,person-01,False,person-01,person-04;person-12,1,1,4,False,427,141,2026-09-03T06:22:06Z,2026-09-04T01:28:33Z,2026-09-04T01:00:47Z,2026-09-03T06:22:30Z,2026-09-04T01:43:42Z,2026-09-17T02:05:35Z,0.0067,19.3533,312.3647,18.6447,0.0067,3.8533,76.8647,3.1447,1,2,True,2,False,
350,repo-03,True,MERGED,False,person-10,False,person-10,person-04;person-07;person-12,2,1,5,False,514,190,2026-09-03T06:22:55Z,2026-09-04T04:46:42Z,2026-09-04T04:46:42Z,2026-09-04T04:06:16Z,2026-09-06T23:08:31Z,2026-09-17T02:05:35Z,21.7225,67.0375,242.9511,22.3964,6.2225,3.5375,70.9511,6.8964,0,2,True,2,False,
351,repo-03,True,MERGED,False,person-12,False,person-12,person-04;person-10,1,1,7,False,331,8,2026-09-03T06:47:31Z,2026-09-04T05:56:21Z,2026-09-04T05:56:21Z,2026-09-04T03:54:15Z,2026-09-06T22:52:27Z,2026-09-17T02:05:35Z,21.1122,66.97,243.2189,23.1472,5.6122,3.5958,71.0931,7.6472,0,3,True,0,False,
352,repo-05,False,MERGED,False,person-12,False,person-12,person-01;person-04,1,1,6,False,121,0,2026-09-03T06:51:18Z,2026-09-04T01:19:25Z,2026-09-04T01:19:25Z,2026-09-03T06:51:42Z,2026-09-04T01:24:43Z,,0.0067,18.5503,,18.4686,0.0067,3.0503,,2.9686,0,4,True,0,False,
353,repo-03,True,MERGED,False,person-11,False,person-11,person-04;person-12,1,1,2,False,283,210,2026-09-03T07:21:58Z,2026-09-03T07:33:38Z,2026-09-03T07:33:38Z,2026-09-04T00:41:23Z,2026-09-04T00:57:31Z,2026-09-17T02:05:35Z,17.3236,0.2689,313.1344,0.1944,1.8236,0.2689,77.6344,0.1339,0,0,False,0,False,
354,repo-03,True,MERGED,False,person-05,False,person-05,person-04;person-12,1,1,8,False,309,13,2026-09-07T00:40:53Z,2026-09-07T04:13:04Z,2026-09-07T02:37:08Z,2026-09-07T00:57:51Z,2026-09-07T04:24:16Z,2026-09-17T02:05:35Z,0.2828,3.4403,237.6886,1.9375,0.2828,3.4403,65.6886,1.9375,1,4,True,0,False,
355,repo-03,True,MERGED,False,person-12,False,person-12,person-04;person-11,1,1,3,False,103,10,2026-09-07T00:55:59Z,2026-09-07T04:26:44Z,2026-09-07T00:55:59Z,2026-09-07T00:56:43Z,2026-09-07T04:37:42Z,2026-09-17T02:05:35Z,0.0122,3.6831,237.4647,0.0,0.0122,3.6831,65.4647,0.0,2,0,False,0,False,
356,repo-03,True,MERGED,True,person-08,False,person-08,person-04;person-10,1,1,23,False,673,126,2026-09-07T02:13:26Z,2026-09-11T02:41:11Z,2026-09-11T02:40:40Z,2026-09-08T05:57:02Z,2026-09-11T05:37:34Z,2026-09-17T02:05:35Z,27.7267,71.6756,140.4669,96.4539,12.2267,25.1756,30.4669,34.4539,1,8,True,0,False,
357,repo-03,True,MERGED,False,person-10,False,person-10,person-04;person-05;person-11,2,1,5,False,494,75,2026-09-07T02:37:38Z,2026-09-09T00:39:07Z,2026-09-09T00:39:07Z,2026-09-07T02:40:30Z,2026-09-09T03:11:35Z,2026-09-17T02:05:35Z,0.0478,48.5181,190.9,46.0247,0.0478,17.5181,49.9,15.0247,0,4,True,3,False,
358,repo-03,True,MERGED,False,person-11,False,person-11,person-04;person-12,1,1,3,False,207,94,2026-09-07T04:57:08Z,2026-09-07T06:09:13Z,2026-09-07T06:09:13Z,2026-09-07T05:57:32Z,2026-09-07T06:40:35Z,2026-09-17T02:05:35Z,1.0067,0.7175,235.4167,1.2014,1.0067,0.7175,63.4167,1.2014,0,1,True,0,False,
359,repo-03,True,MERGED,False,person-12,False,person-12,person-04;person-05,1,1,9,False,1301,12,2026-09-07T06:01:09Z,2026-09-08T04:29:22Z,2026-09-08T01:15:40Z,2026-09-07T06:01:33Z,2026-09-08T04:48:13Z,2026-09-17T02:05:35Z,0.0067,22.7778,213.2894,19.2419,0.0067,7.2778,56.7894,3.7419,1,5,True,0,False,
360,repo-11,False,MERGED,False,person-05,False,person-05,person-04;person-07,1,1,1,False,19,9,2026-09-07T10:34:36Z,2026-09-07T10:34:36Z,2026-09-07T10:34:36Z,2026-09-07T10:35:57Z,2026-09-08T04:18:50Z,,0.0225,17.7147,,0.0,0.0,5.3139,,0.0,0,0,False,0,False,
361,repo-10,False,MERGED,False,person-05,False,person-05,person-04;person-07,1,1,1,False,19,9,2026-09-07T10:39:52Z,2026-09-07T10:39:52Z,2026-09-07T10:39:52Z,2026-09-07T10:40:42Z,2026-09-08T22:26:15Z,,0.0139,35.7592,,0.0,0.0,8.5,,0.0,0,0,False,0,False,
362,repo-05,False,MERGED,False,person-05,False,person-05;person-06,person-04;person-07,1,1,3,False,31,12,2026-09-07T21:50:59Z,2026-09-07T21:54:28Z,2026-09-07T21:54:28Z,2026-09-07T21:51:30Z,2026-09-07T23:19:57Z,,0.0086,1.4742,,0.0581,0.0,0.3325,,0.0,0,1,True,0,False,
363,repo-03,True,MERGED,False,person-12,False,person-12,person-04;person-05,1,1,1,False,7,7,2026-09-08T01:48:41Z,2026-09-08T01:48:41Z,2026-09-08T01:48:41Z,2026-09-08T01:49:22Z,2026-09-08T02:07:15Z,2026-09-17T02:05:35Z,0.0114,0.2981,215.9722,0.0,0.0114,0.2981,59.4722,0.0,0,0,False,0,False,
364,repo-06,False,MERGED,False,person-12,False,person-12,person-04;person-05,1,1,1,False,12,58,2026-09-08T02:08:27Z,2026-09-08T02:08:27Z,2026-09-08T02:08:27Z,2026-09-08T02:08:40Z,2026-09-08T04:27:37Z,,0.0036,2.3158,,0.0,0.0036,2.3158,,0.0,0,0,False,0,False,
365,repo-03,True,MERGED,False,person-12,False,person-12,person-04;person-07,1,1,5,False,474,163,2026-09-08T06:44:00Z,2026-09-09T23:19:56Z,2026-09-09T23:17:13Z,2026-09-08T06:44:52Z,2026-09-10T03:37:25Z,2026-09-17T02:05:35Z,0.0144,44.8758,166.4694,40.5536,0.0144,13.8758,40.9694,9.5536,1,3,True,0,False,
366,repo-05,False,MERGED,False,person-07,False,person-07;person-08;person-10,person-04;person-05;person-08,2,1,64,False,85,63,2026-09-09T00:49:38Z,2026-09-11T07:30:05Z,2026-09-11T07:30:05Z,2026-09-09T00:49:48Z,2026-09-11T08:50:16Z,,0.0028,56.0078,,54.6742,0.0028,23.67,,23.6728,0,63,True,0,False,
367,repo-03,True,MERGED,False,person-05,False,person-05,person-04;person-12,1,1,5,False,14,146,2026-09-09T23:53:55Z,2026-09-10T03:43:02Z,2026-09-10T02:59:41Z,2026-09-09T23:56:57Z,2026-09-10T03:53:15Z,2026-09-17T02:05:35Z,0.0506,3.9383,166.2056,3.0961,0.0506,3.9383,40.7056,3.0961,1,3,True,0,False,
368,repo-10,False,MERGED,False,person-05,False,person-05,person-04;person-12,1,1,1,False,11,9,2026-09-09T23:53:55Z,2026-09-09T23:53:55Z,2026-09-09T23:53:55Z,2026-09-09T23:58:26Z,2026-09-10T00:15:29Z,,0.0753,0.2842,,0.0,0.0753,0.2842,,0.0,0,0,False,0,False,
369,repo-03,True,MERGED,False,person-11,False,person-11,person-04;person-12,1,1,3,False,166,6,2026-09-10T01:48:37Z,2026-09-11T01:48:47Z,2026-09-11T01:48:47Z,2026-09-10T01:51:09Z,2026-09-11T02:02:24Z,2026-09-17T02:05:35Z,0.0422,24.1875,144.0531,24.0028,0.0422,8.6875,34.0531,8.5028,0,2,True,3,False,
370,repo-03,True,MERGED,False,person-12,False,person-12,person-04;person-07,1,1,12,False,539,83,2026-09-10T03:10:41Z,2026-09-11T06:56:37Z,2026-09-11T06:56:37Z,2026-09-11T06:41:15Z,2026-09-13T22:48:54Z,2026-09-17T02:05:35Z,27.5094,64.1275,75.2781,27.7656,12.0094,0.8125,28.5931,12.2656,0,2,True,0,False,
371,repo-03,True,MERGED,False,person-12,False,person-12,person-04;person-05;person-07,2,1,7,False,554,23,2026-09-10T03:10:41Z,2026-09-11T05:38:26Z,2026-09-11T05:16:10Z,2026-09-10T05:59:38Z,2026-09-11T05:56:56Z,2026-09-17T02:05:35Z,2.8158,23.955,140.1442,26.0914,2.8158,8.455,30.1442,10.5914,2,3,True,0,False,
372,repo-03,True,MERGED,False,person-05,False,person-05,person-04;person-07;person-09;person-14,1,3,17,False,4627,0,2026-09-11T00:43:35Z,2026-09-14T23:08:24Z,2026-09-13T22:39:53Z,2026-09-11T01:56:27Z,2026-09-14T23:20:39Z,2026-09-17T02:05:35Z,1.2144,93.4033,50.7489,69.9383,1.2144,14.4033,19.7489,6.7736,2,12,True,0,False,
373,repo-03,True,MERGED,False,person-11,False,person-11,person-04;person-05;person-12,2,1,24,False,1889,463,2026-09-11T00:55:49Z,2026-09-15T00:15:03Z,2026-09-15T00:15:03Z,2026-09-11T01:12:32Z,2026-09-15T06:14:08Z,2026-09-17T02:05:35Z,0.2786,101.0267,43.8575,95.3206,0.2786,22.0267,12.8575,16.3206,0,23,True,7,False,
374,repo-03,True,MERGED,False,person-05,False,person-05,person-04;person-07,1,1,1,False,1,1,2026-09-11T01:29:01Z,2026-09-11T01:29:01Z,2026-09-11T01:29:01Z,2026-09-11T01:30:04Z,2026-09-11T01:41:05Z,2026-09-17T02:05:35Z,0.0175,0.1836,144.4083,0.0,0.0175,0.1836,34.4083,0.0,0,0,False,0,False,
375,repo-03,True,MERGED,False,person-10,False,person-10,person-04;person-07,1,1,1,False,274,44,2026-09-11T03:01:12Z,2026-09-11T03:01:12Z,2026-09-11T03:01:12Z,2026-09-11T03:09:30Z,2026-09-11T06:38:09Z,2026-09-17T02:05:35Z,0.1383,3.4775,139.4572,0.0,0.1383,3.4775,29.4572,0.0,0,0,False,2,False,
376,repo-03,True,MERGED,False,person-12,False,person-12,person-04;person-05;person-08;person-11,3,1,4,False,1573,29,2026-09-11T04:58:43Z,2026-09-14T00:22:09Z,2026-09-14T00:21:11Z,2026-09-11T05:01:10Z,2026-09-14T01:31:50Z,2026-09-17T02:05:35Z,0.0408,68.5111,72.5625,67.3744,0.0408,5.0111,26.0625,3.8744,1,2,True,1,False,
377,repo-03,True,MERGED,True,person-08,False,person-08,person-04;person-05;person-12,2,1,1,False,6,3,2026-09-11T07:32:04Z,2026-09-11T07:32:04Z,2026-09-11T07:32:04Z,2026-09-11T07:47:41Z,2026-09-14T23:01:10Z,2026-09-17T02:05:35Z,0.2603,87.2247,51.0736,0.0,0.0,8.5194,20.0736,0.0,0,0,False,2,False,
378,repo-01,False,MERGED,False,person-05,False,person-05,person-04;person-12,1,1,1,False,23,23,2026-09-11T08:59:08Z,2026-09-11T08:59:08Z,2026-09-11T08:59:08Z,2026-09-11T08:59:57Z,2026-09-14T23:58:07Z,,0.0136,86.9694,,0.0,0.0,9.4686,,0.0,0,0,False,0,False,
379,repo-07,False,MERGED,False,person-05,False,person-05,person-04;person-12,1,1,1,False,27,27,2026-09-11T08:59:23Z,2026-09-11T08:59:23Z,2026-09-11T08:59:23Z,2026-09-11T09:01:22Z,2026-09-14T23:57:46Z,,0.0331,86.94,,0.0,0.0,9.4628,,0.0,0,0,False,0,False,
380,repo-08,False,MERGED,False,person-05,False,person-05,person-12,1,0,1,False,0,50,2026-09-11T09:48:56Z,2026-09-11T09:48:56Z,2026-09-11T09:48:56Z,2026-09-11T09:52:10Z,2026-09-15T23:14:55Z,,0.0539,109.3792,,0.0,0.0,17.2486,,0.0,0,0,False,0,False,
381,repo-03,True,MERGED,False,person-05,False,person-05,person-04;person-11,1,1,2,False,102,651,2026-09-12T04:17:30Z,2026-09-13T23:01:06Z,2026-09-12T04:17:30Z,2026-09-12T04:22:16Z,2026-09-13T23:13:32Z,2026-09-17T02:05:35Z,0.0794,42.8544,74.8675,0.0,0.0,0.2256,28.3675,0.0,1,0,False,0,False,
382,repo-05,False,MERGED,False,person-10,False,person-10,person-04;person-05,1,1,6,False,551,0,2026-09-14T02:47:24Z,2026-09-15T04:08:04Z,2026-09-15T04:08:04Z,2026-09-14T03:56:58Z,2026-09-16T00:52:09Z,,1.1594,44.9197,,25.3444,1.1594,13.9197,,9.8444,0,4,True,1,False,
383,repo-03,True,MERGED,True,person-10,False,person-10,person-04;person-12,1,1,13,False,505,679,2026-09-14T02:47:25Z,2026-09-16T00:30:39Z,2026-09-15T23:03:07Z,2026-09-15T07:03:31Z,2026-09-16T00:45:34Z,2026-09-17T02:05:35Z,28.2683,17.7008,25.3336,44.2617,12.7683,2.2008,9.8336,13.2617,1,2,True,1,False,
384,repo-03,True,MERGED,False,person-12,False,person-12,person-04;person-10,1,1,4,False,688,58,2026-09-14T03:40:04Z,2026-09-14T05:05:23Z,2026-09-14T04:49:11Z,2026-09-14T03:40:58Z,2026-09-14T06:33:50Z,2026-09-17T02:05:35Z,0.015,2.8811,67.5292,1.1519,0.015,2.8811,21.0292,1.1519,1,2,True,1,False,
385,repo-05,False,MERGED,False,person-08,False,person-08,person-04;person-12,1,1,2,False,2,1,2026-09-14T07:38:05Z,2026-09-14T07:50:13Z,2026-09-14T07:50:13Z,2026-09-14T07:39:33Z,2026-09-14T23:26:07Z,,0.0244,15.7761,,0.2022,0.0,0.4353,,0.0,0,1,True,0,False,
386,repo-05,False,MERGED,False,person-11,False,person-11,person-04;person-05,1,1,1,False,461,0,2026-09-14T23:29:47Z,2026-09-14T23:29:47Z,2026-09-14T23:29:47Z,2026-09-14T23:30:32Z,2026-09-16T00:05:02Z,,0.0125,24.575,,0.0,0.0125,9.075,,0.0,0,0,False,1,False,
387,repo-03,True,MERGED,False,person-11,False,person-11,person-04;person-12,1,1,2,False,353,0,2026-09-15T01:12:18Z,2026-09-15T01:31:28Z,2026-09-15T01:31:28Z,2026-09-15T01:12:50Z,2026-09-15T03:22:26Z,2026-09-17T02:05:35Z,0.0089,2.16,46.7192,0.3194,0.0089,2.16,15.7192,0.3194,0,1,True,0,False,
388,repo-03,True,MERGED,False,person-12,False,person-12,person-04;person-07,1,1,4,False,377,56,2026-09-15T01:50:08Z,2026-09-15T06:24:49Z,2026-09-15T02:02:58Z,2026-09-15T01:51:06Z,2026-09-15T06:36:30Z,2026-09-17T02:05:35Z,0.0161,4.7567,43.4847,0.2139,0.0161,4.7567,12.4847,0.2139,2,1,True,0,False,
389,repo-03,True,MERGED,True,person-07,False,person-07,person-04;person-10;person-12,2,1,7,False,420,302,2026-09-15T03:13:37Z,2026-09-18T02:16:04Z,2026-09-18T01:44:46Z,2026-09-16T00:58:43Z,2026-09-18T03:01:18Z,2026-09-21T03:58:37Z,21.7517,50.0431,72.9553,70.5192,6.2517,19.0431,9.4553,24.0192,2,3,True,2,False,
390,repo-05,False,MERGED,True,person-07,False,person-07,person-04;person-05,1,1,9,False,82,81,2026-09-15T03:53:39Z,2026-09-15T09:24:57Z,2026-09-15T09:24:57Z,2026-09-15T06:59:24Z,2026-09-15T23:58:00Z,,3.0958,16.9767,,5.5217,3.0958,1.4767,,3.6058,0,1,True,0,False,
391,repo-03,True,MERGED,True,person-08,False,person-08,person-04;person-12,1,1,48,False,349,47,2026-09-15T05:07:49Z,2026-09-18T01:32:51Z,2026-09-18T01:29:22Z,2026-09-17T23:06:20Z,2026-09-18T01:50:20Z,2026-09-21T03:58:37Z,65.9753,2.7333,74.1381,68.3592,19.4753,2.7333,10.6381,21.8592,1,3,True,0,False,
392,repo-03,True,MERGED,True,person-08,False,person-08,person-04;person-09;person-11;person-12,2,2,42,False,1835,583,2026-09-15T05:07:49Z,2026-09-17T06:19:48Z,2026-09-17T06:19:48Z,2026-09-16T23:26:27Z,2026-09-17T06:35:30Z,2026-09-21T03:58:37Z,42.3106,7.1508,93.3853,49.1997,11.3106,7.1508,14.3853,18.1997,0,8,True,0,False,
393,repo-03,True,MERGED,False,person-11,False,person-11,person-04;person-10,1,1,5,False,2644,25,2026-09-15T05:40:51Z,2026-09-15T22:15:16Z,2026-09-15T22:15:16Z,2026-09-15T05:44:14Z,2026-09-15T23:59:16Z,2026-09-17T02:05:35Z,0.0564,18.2506,26.1053,16.5736,0.0564,2.7506,10.6053,1.8192,0,4,True,1,False,
394,repo-03,True,MERGED,False,person-12,False,person-12,person-04;person-10;person-11,2,1,7,False,605,28,2026-09-15T06:05:42Z,2026-09-16T00:09:02Z,2026-09-15T06:29:57Z,2026-09-15T06:06:35Z,2026-09-16T00:19:31Z,2026-09-17T02:05:35Z,0.0147,18.2156,25.7678,0.4042,0.0147,2.7156,10.2678,0.4042,2,3,True,0,False,
395,repo-03,True,MERGED,False,person-05,False,person-05;person-07,person-04;person-07,1,1,4,False,1071,107,2026-09-15T22:47:27Z,2026-09-17T04:22:19Z,2026-09-15T23:37:02Z,2026-09-16T03:55:46Z,2026-09-17T04:34:29Z,2026-09-21T03:58:37Z,5.1386,24.6453,95.4022,0.8264,4.9294,9.1453,16.4022,0.6172,2,0,False,0,False,
396,repo-13,False,MERGED,True,person-13,True,person-05;person-06,person-04;person-05;person-12,2,1,1,False,10,4,2026-09-15T23:12:52Z,2026-09-15T23:12:52Z,2026-09-15T23:12:52Z,2026-09-16T02:44:22Z,2026-09-16T03:05:55Z,,3.525,0.3592,,0.0,3.525,0.3592,,0.0,0,0,False,0,False,
397,repo-08,False,MERGED,True,person-13,True,person-05;person-06,person-05;person-11,2,0,2,False,133,151,2026-09-15T23:17:51Z,2026-09-16T02:42:05Z,2026-09-15T23:17:51Z,2026-09-16T02:42:10Z,2026-09-16T02:48:53Z,,3.4053,0.1119,,0.0,3.4053,0.1119,,0.0,1,0,False,0,False,
398,repo-14,False,MERGED,True,person-13,True,person-05;person-06,person-05;person-11,2,0,2,False,16,8,2026-09-15T23:18:45Z,2026-09-16T02:35:44Z,2026-09-16T02:35:44Z,2026-09-16T02:17:43Z,2026-09-16T02:47:52Z,,2.9828,0.5025,,3.2831,2.9828,0.5025,,3.2831,0,1,True,0,False,
399,repo-15,False,MERGED,True,person-13,True,person-05;person-06,person-04;person-05;person-11,2,1,1,False,4,4,2026-09-15T23:22:35Z,2026-09-15T23:22:35Z,2026-09-15T23:22:35Z,2026-09-16T02:16:18Z,2026-09-16T02:17:54Z,,2.8953,0.0267,,0.0,2.8953,0.0267,,0.0,0,0,False,0,False,
400,repo-03,True,MERGED,False,person-10,False,person-10,person-04;person-12,1,1,2,False,37,2,2026-09-15T23:25:28Z,2026-09-16T00:50:34Z,2026-09-15T23:25:28Z,2026-09-16T00:15:04Z,2026-09-16T01:03:08Z,2026-09-17T02:05:35Z,0.8267,0.8011,25.0408,0.0,0.8267,0.8011,9.5408,0.0,1,0,False,1,False,
401,repo-06,False,MERGED,True,person-13,True,person-05;person-06,person-04;person-05;person-12,2,1,1,False,12,10,2026-09-15T23:25:33Z,2026-09-15T23:25:33Z,2026-09-15T23:25:33Z,2026-09-16T00:09:52Z,2026-09-16T02:15:11Z,,0.7386,2.0886,,0.0,0.7386,2.0886,,0.0,0,0,False,0,False,
402,repo-11,False,MERGED,True,person-13,True,person-05;person-06,person-04;person-05;person-12,2,1,1,False,11,9,2026-09-15T23:26:34Z,2026-09-15T23:26:34Z,2026-09-15T23:26:34Z,2026-09-15T23:44:48Z,2026-09-16T02:15:35Z,,0.3039,2.5131,,0.0,0.3039,2.5131,,0.0,0,0,False,0,False,
403,repo-03,True,OPEN,True,person-07,False,person-07,person-09,0,1,17,False,14079,679,2026-09-15T23:32:43Z,2026-09-25T04:44:02Z,2026-09-25T04:44:02Z,,,,,,,221.1886,,,,64.6886,0,0,False,4,False,
404,repo-03,True,MERGED,True,person-10,False,person-08;person-10,person-04;person-08;person-12,2,1,20,False,3512,99,2026-09-16T01:36:02Z,2026-09-22T01:42:56Z,2026-09-22T01:42:56Z,2026-09-21T00:54:26Z,2026-09-22T02:25:05Z,2026-09-23T00:47:59Z,119.3067,25.5108,22.3817,144.115,24.8067,10.0108,6.8817,34.115,0,14,True,2,False,
405,repo-03,True,MERGED,False,person-11,False,person-11,person-04;person-12,1,1,2,False,1,1,2026-09-16T02:05:33Z,2026-09-16T02:07:55Z,2026-09-16T02:07:55Z,2026-09-16T02:06:24Z,2026-09-16T03:05:02Z,2026-09-17T02:05:35Z,0.0142,0.9772,23.0092,0.0394,0.0142,0.9772,7.5092,0.0394,0,1,True,0,False,
406,repo-03,True,MERGED,False,person-12,False,person-12,person-04;person-11,1,1,8,False,577,185,2026-09-16T03:11:27Z,2026-09-17T04:36:33Z,2026-09-17T03:46:53Z,2026-09-17T03:28:14Z,2026-09-17T05:25:21Z,2026-09-21T03:58:37Z,24.2797,1.9519,94.5544,24.5906,8.7797,1.9519,15.5544,9.0906,3,2,True,2,False,
407,repo-03,True,MERGED,False,person-12,False,person-12,person-04;person-11,1,1,3,False,38,44,2026-09-16T03:29:23Z,2026-09-16T23:20:18Z,2026-09-16T23:20:18Z,2026-09-16T23:06:48Z,2026-09-17T00:35:36Z,2026-09-17T02:05:35Z,19.6236,1.48,1.4997,19.8486,4.1236,1.48,1.4997,4.3486,0,1,True,0,False,
408,repo-06,False,MERGED,False,person-08,False,person-08,person-04;person-12,1,1,3,False,5,1,2026-09-16T08:51:32Z,2026-09-16T22:06:40Z,2026-09-16T22:06:40Z,2026-09-16T08:52:48Z,2026-09-17T02:14:07Z,,0.0211,17.3553,,13.2522,0.0,3.2353,,0.0,0,2,True,0,False,
409,repo-03,True,MERGED,False,person-05,False,person-05,person-04;person-12,1,1,8,False,229,0,2026-09-16T11:02:41Z,2026-09-17T01:23:24Z,2026-09-16T13:22:07Z,2026-09-16T11:29:01Z,2026-09-17T01:35:49Z,2026-09-17T02:05:35Z,0.4389,14.1133,0.4961,2.3239,0.0,2.5969,0.4961,0.0,1,4,True,0,False,
410,repo-01,False,MERGED,True,person-13,True,person-05;person-06,person-04;person-05;person-11,2,1,1,False,8,8,2026-09-16T21:48:17Z,2026-09-16T21:48:17Z,2026-09-16T21:48:17Z,2026-09-17T11:22:46Z,2026-09-17T21:37:52Z,,13.5747,10.2517,,0.0,8.5,0.0,,0.0,0,0,False,0,False,
411,repo-05,False,OPEN,False,person-07,False,person-07,person-04,0,1,2,False,88,52,2026-09-16T23:32:52Z,2026-09-21T01:25:39Z,2026-09-21T01:25:39Z,2026-09-16T23:33:12Z,,,0.0056,,,97.8797,0.0056,,,18.8797,0,1,True,0,False,
412,repo-03,True,MERGED,True,person-11,False,person-06;person-11,person-04;person-08;person-12,2,1,12,False,1574,79,2026-09-17T01:23:32Z,2026-09-17T06:35:03Z,2026-09-17T06:35:03Z,2026-09-17T03:44:09Z,2026-09-17T06:59:55Z,2026-09-21T03:58:37Z,2.3436,3.2628,92.9783,5.1919,2.3436,3.2628,13.9783,5.1919,0,6,True,3,False,
413,repo-03,True,OPEN,True,person-01,False,person-01,person-04,0,1,3,False,1163,416,2026-09-17T01:41:57Z,2026-09-18T05:31:07Z,2026-09-18T05:31:07Z,,,,,,,27.8194,,,,12.3194,0,0,False,0,False,
414,repo-03,True,MERGED,False,person-12,False,person-12,person-04;person-07,1,1,1,False,1,1,2026-09-17T03:34:54Z,2026-09-17T03:34:54Z,2026-09-17T03:34:54Z,2026-09-17T03:35:26Z,2026-09-17T03:47:45Z,2026-09-21T03:58:37Z,0.0089,0.2053,96.1811,0.0,0.0089,0.2053,17.1811,0.0,0,0,False,0,False,
415,repo-03,True,MERGED,True,person-07,False,person-07,person-04;person-10;person-12,2,1,10,False,385,61,2026-09-17T04:18:18Z,2026-09-18T01:54:09Z,2026-09-18T01:22:46Z,2026-09-18T01:31:43Z,2026-09-18T02:02:36Z,2026-09-21T03:58:37Z,21.2236,0.5147,73.9336,21.0744,5.7236,0.5147,10.4336,5.5744,2,0,False,0,False,
416,repo-03,True,MERGED,True,person-11,False,person-08;person-11,person-04;person-05;person-08;person-10;person-14,3,2,25,False,616,200,2026-09-17T05:24:49Z,2026-09-22T22:48:50Z,2026-09-22T06:50:47Z,2026-09-17T05:31:25Z,2026-09-22T23:01:10Z,2026-09-23T00:47:59Z,0.11,137.4958,1.7803,121.4328,0.11,27.4958,1.7803,26.9328,2,16,True,4,False,
417,repo-03,True,MERGED,False,person-12,False,person-12,person-04;person-11,1,1,5,False,41,9,2026-09-17T05:26:54Z,2026-09-17T22:49:23Z,2026-09-17T06:01:39Z,2026-09-17T05:27:33Z,2026-09-17T23:51:02Z,2026-09-21T03:58:37Z,0.0108,18.3914,76.1264,0.5792,0.0108,2.8914,12.6264,0.5792,2,2,True,0,False,
418,repo-03,True,MERGED,True,person-13,True,person-05;person-06,person-04;person-12,1,1,3,False,6,4,2026-09-17T22:58:20Z,2026-09-18T05:17:43Z,2026-09-17T22:58:20Z,2026-09-18T03:38:20Z,2026-09-18T05:27:56Z,2026-09-21T03:58:37Z,4.6667,1.8267,70.5114,0.0,4.6389,1.8267,7.0114,0.0,2,0,False,0,False,
419,repo-03,True,MERGED,False,person-11,False,person-11,person-04;person-05,1,1,3,False,598,44,2026-09-17T23:18:07Z,2026-09-18T01:09:49Z,2026-09-18T01:09:49Z,2026-09-17T23:18:42Z,2026-09-18T04:26:51Z,2026-09-21T03:58:37Z,0.0097,5.1358,71.5294,1.8617,0.0097,5.1358,8.0294,1.8617,0,2,True,1,False,
420,repo-03,True,MERGED,False,person-12,False,person-12,person-04;person-05;person-07,2,1,8,False,434,30,2026-09-18T01:46:32Z,2026-09-18T04:30:46Z,2026-09-18T03:56:38Z,2026-09-18T01:46:55Z,2026-09-18T05:04:56Z,2026-09-21T03:58:37Z,0.0064,3.3003,70.8947,2.1683,0.0064,3.3003,7.3947,2.1683,2,3,True,0,False,
421,repo-03,True,MERGED,True,person-07,False,person-07,person-04;person-05,1,1,5,False,104,10,2026-09-18T02:36:48Z,2026-09-21T00:25:41Z,2026-09-18T03:02:08Z,2026-09-18T02:48:17Z,2026-09-21T00:46:29Z,2026-09-21T03:58:37Z,0.1914,69.97,3.2022,0.4222,0.1914,6.47,3.2022,0.4222,3,1,True,0,False,
422,repo-03,True,MERGED,False,person-05,False,person-05,person-04;person-07,1,1,11,False,456,87,2026-09-18T22:07:11Z,2026-09-22T01:26:22Z,2026-09-21T12:00:27Z,2026-09-18T23:14:25Z,2026-09-22T01:36:55Z,2026-09-23T00:47:59Z,1.1206,74.375,23.1844,61.8878,0.0,11.1153,7.6844,8.5,2,3,True,0,False,
423,repo-03,True,MERGED,True,person-08,False,person-08,person-04;person-09;person-12,1,2,15,False,65,38,2026-09-20T23:27:34Z,2026-09-22T01:14:22Z,2026-09-22T01:14:22Z,2026-09-21T00:40:42Z,2026-09-22T01:23:51Z,2026-09-23T00:47:59Z,1.2189,24.7192,23.4022,25.78,1.2189,9.2192,7.9022,10.28,0,5,True,1,False,
424,repo-03,True,MERGED,False,person-12,False,person-12,person-04;person-05,1,1,2,False,25,7,2026-09-20T23:40:56Z,2026-09-20T23:46:30Z,2026-09-20T23:46:30Z,2026-09-20T23:41:19Z,2026-09-21T00:01:09Z,2026-09-21T03:58:37Z,0.0064,0.3306,3.9578,0.0928,0.0064,0.3306,3.9578,0.0928,0,1,True,0,False,
425,repo-03,True,MERGED,False,person-12,False,person-12,person-04;person-07,1,1,1,False,8,2,2026-09-21T00:09:56Z,2026-09-21T00:09:56Z,2026-09-21T00:09:56Z,2026-09-21T00:10:19Z,2026-09-21T00:20:28Z,2026-09-21T03:58:37Z,0.0064,0.1692,3.6358,0.0,0.0064,0.1692,3.6358,0.0,0,0,False,0,False,
426,repo-03,True,MERGED,False,person-12,False,person-12,person-04;person-07,1,1,2,False,69,10,2026-09-21T00:45:11Z,2026-09-21T00:48:42Z,2026-09-21T00:45:11Z,2026-09-21T00:48:10Z,2026-09-21T00:59:07Z,2026-09-21T03:58:37Z,0.0497,0.1825,2.9917,0.0,0.0497,0.1825,2.9917,0.0,1,0,False,0,False,
427,repo-03,True,MERGED,False,person-12,False,person-12,person-04;person-07,1,1,1,False,1,1,2026-09-21T01:30:42Z,2026-09-21T01:30:42Z,2026-09-21T01:30:42Z,2026-09-21T01:31:12Z,2026-09-21T02:00:33Z,2026-09-21T03:58:37Z,0.0083,0.4892,1.9678,0.0,0.0083,0.4892,1.9678,0.0,0,0,False,0,False,
428,repo-03,True,MERGED,False,person-12,False,person-12,person-04;person-05,1,1,1,False,1,1,2026-09-21T02:41:50Z,2026-09-21T02:41:50Z,2026-09-21T02:41:50Z,2026-09-21T02:42:28Z,2026-09-21T02:51:19Z,2026-09-21T03:58:37Z,0.0106,0.1475,1.1217,0.0,0.0106,0.1475,1.1217,0.0,0,0,False,0,False,
429,repo-05,False,OPEN,False,person-05,False,person-05;person-07,person-04;person-07,1,1,4,False,164,0,2026-09-21T04:40:53Z,2026-09-25T07:11:03Z,2026-09-25T07:11:03Z,2026-09-21T05:27:10Z,,,0.7714,,,98.5028,0.7714,,,36.5028,0,3,True,0,False,
430,repo-03,True,MERGED,False,person-07,False,person-07,person-04;person-05;person-12,2,1,8,False,0,23,2026-09-21T06:10:30Z,2026-09-25T02:28:27Z,2026-09-24T06:41:48Z,2026-09-21T06:10:48Z,2026-09-25T02:49:50Z,2026-09-25T04:21:57Z,0.005,92.6506,1.5353,72.5217,0.005,30.6506,1.5353,26.0217,1,3,True,0,False,
431,repo-03,True,MERGED,False,person-12,False,person-12,person-04;person-07,1,1,1,False,55,29,2026-09-21T06:34:14Z,2026-09-21T06:34:14Z,2026-09-21T06:34:14Z,2026-09-21T06:34:49Z,2026-09-21T06:38:48Z,2026-09-21T07:13:57Z,0.0097,0.0664,0.5858,0.0,0.0097,0.0664,0.5858,0.0,0,0,False,0,False,
432,repo-03,True,MERGED,False,person-02,True,person-02,person-05,1,0,1,False,4,4,2026-09-21T06:42:46Z,2026-09-21T06:42:46Z,2026-09-21T06:42:46Z,2026-09-18T07:05:23Z,2026-09-21T12:35:23Z,2026-09-23T00:47:59Z,,77.5,36.21,0.0,,8.9103,10.2997,0.0,0,1,True,6,True,branch history rewritten by force-push
433,repo-03,True,MERGED,False,person-05,False,person-05;person-06,person-04;person-07;person-08;person-10,3,1,10,False,517,40,2026-09-21T21:51:47Z,2026-09-23T23:20:50Z,2026-09-22T08:03:12Z,2026-09-21T22:03:48Z,2026-09-23T23:29:38Z,2026-09-23T23:53:07Z,0.2003,49.4306,0.3914,10.1903,0.0,17.4939,0.3914,8.5,1,8,True,2,False,
434,repo-03,True,MERGED,False,person-10,False,person-10,person-04;person-08;person-12,2,1,3,False,163,12,2026-09-22T01:12:38Z,2026-09-22T05:28:22Z,2026-09-22T05:28:22Z,2026-09-22T05:11:37Z,2026-09-22T07:33:08Z,2026-09-23T00:47:59Z,3.9831,2.3586,17.2475,4.2622,3.9831,2.3064,1.7997,4.2622,0,1,True,1,False,
435,repo-03,True,MERGED,False,person-07,False,person-07;person-12,person-04;person-05;person-12,2,1,10,False,263,1,2026-09-22T01:45:54Z,2026-09-22T23:23:53Z,2026-09-22T10:11:28Z,2026-09-22T01:46:24Z,2026-09-22T23:40:54Z,2026-09-23T00:47:59Z,0.0083,21.9083,1.1181,8.4261,0.0083,6.4083,1.1181,5.735,2,7,True,0,False,
436,repo-05,False,OPEN,False,person-07,False,person-07,person-04,0,1,1,False,22,10,2026-09-22T02:38:32Z,2026-09-22T02:38:32Z,2026-09-22T02:38:32Z,2026-09-22T02:38:43Z,,,0.0031,,,0.0,0.0031,,,0.0,0,0,False,0,False,
437,repo-03,True,MERGED,False,person-12,False,person-12,person-04;person-08,1,1,6,False,169,43,2026-09-22T03:08:55Z,2026-09-22T06:45:22Z,2026-09-22T06:45:22Z,2026-09-22T03:09:36Z,2026-09-22T06:54:21Z,2026-09-23T00:47:59Z,0.0114,3.7458,17.8939,3.6075,0.0114,3.7458,2.3939,3.6075,0,1,True,0,False,
438,repo-03,True,MERGED,False,person-12,False,person-12,person-04;person-08;person-10,2,1,3,False,23,15,2026-09-22T04:25:27Z,2026-09-22T04:34:50Z,2026-09-22T04:33:56Z,2026-09-22T04:26:03Z,2026-09-22T04:50:48Z,2026-09-23T00:47:59Z,0.01,0.4125,19.9531,0.1414,0.01,0.4125,4.4531,0.1414,1,1,True,0,False,
439,repo-03,True,MERGED,False,person-07,False,person-07;person-12,person-04;person-12,1,1,4,False,668,69,2026-09-22T04:36:57Z,2026-09-22T23:09:39Z,2026-09-22T10:01:09Z,2026-09-22T04:37:18Z,2026-09-22T23:20:17Z,2026-09-23T00:47:59Z,0.0058,18.7164,1.4617,5.4033,0.0058,3.2164,1.4617,2.8842,1,2,True,0,False,
440,repo-03,True,MERGED,False,person-12,False,person-12,person-04;person-10,1,1,5,False,74,3,2026-09-22T04:51:00Z,2026-09-22T06:24:59Z,2026-09-22T04:59:29Z,2026-09-22T04:51:37Z,2026-09-22T06:35:00Z,2026-09-23T00:47:59Z,0.0103,1.7231,18.2164,0.1414,0.0103,1.7231,2.7164,0.1414,1,2,True,0,False,
441,repo-03,True,MERGED,True,person-08,False,person-08,person-04;person-10,1,1,2,False,9,4,2026-09-22T05:13:48Z,2026-09-22T05:17:40Z,2026-09-22T05:13:48Z,2026-09-22T05:17:35Z,2026-09-22T05:56:41Z,2026-09-23T00:47:59Z,0.0631,0.6517,18.855,0.0,0.0631,0.6517,3.355,0.0,1,0,False,0,False,
442,repo-03,True,MERGED,False,person-12,False,person-12,person-04;person-10,1,1,2,False,12,4,2026-09-22T05:28:13Z,2026-09-22T05:57:36Z,2026-09-22T05:28:13Z,2026-09-22T05:28:47Z,2026-09-22T06:08:27Z,2026-09-23T00:47:59Z,0.0094,0.6611,18.6589,0.0,0.0094,0.6611,3.1589,0.0,1,0,False,0,False,
443,repo-03,True,MERGED,False,person-12,False,person-12,person-04;person-05,1,1,2,False,8,5,2026-09-22T05:51:14Z,2026-09-22T06:12:54Z,2026-09-22T05:51:14Z,2026-09-22T05:51:54Z,2026-09-22T06:21:49Z,2026-09-23T00:47:59Z,0.0111,0.4986,18.4361,0.0,0.0111,0.4986,2.9361,0.0,1,0,False,0,False,
444,repo-03,True,MERGED,False,person-12,False,person-12,person-04;person-07,1,1,5,False,6,16,2026-09-22T06:31:01Z,2026-09-22T22:09:34Z,2026-09-22T06:40:35Z,2026-09-22T06:32:25Z,2026-09-22T22:18:10Z,2026-09-23T00:47:59Z,0.0233,15.7625,2.4969,0.1594,0.0233,0.9597,1.7997,0.1594,3,1,True,0,False,
445,repo-03,True,MERGED,True,person-08,False,person-08,person-04;person-11,1,1,6,False,123,15,2026-09-23T00:11:58Z,2026-09-23T23:13:59Z,2026-09-23T23:13:59Z,2026-09-23T05:43:50Z,2026-09-24T01:04:34Z,2026-09-24T05:43:09Z,5.5311,19.3456,4.6431,23.0336,5.5311,3.8456,4.6431,7.5336,0,3,True,1,False,
446,repo-03,True,MERGED,False,person-10,False,person-10,person-04;person-12,1,1,8,False,585,308,2026-09-23T00:31:01Z,2026-09-24T01:06:01Z,2026-09-24T00:44:29Z,2026-09-23T05:10:52Z,2026-09-24T01:16:15Z,2026-09-24T05:43:09Z,4.6642,20.0897,4.4483,24.2244,4.6642,4.5897,4.4483,8.7244,2,3,True,0,False,
447,repo-03,True,MERGED,False,person-12,False,person-12,person-04;person-10,1,1,7,False,40,48,2026-09-23T00:46:55Z,2026-09-24T05:47:14Z,2026-09-23T00:46:55Z,2026-09-23T00:47:36Z,2026-09-24T06:33:49Z,2026-09-25T04:21:57Z,0.0114,29.7703,21.8022,0.0,0.0114,14.2703,6.3022,0.0,6,0,False,0,False,
448,repo-03,True,MERGED,False,person-07,False,person-07,person-04;person-12,1,1,2,False,44,12,2026-09-23T01:25:11Z,2026-09-23T01:30:30Z,2026-09-23T01:30:30Z,2026-09-23T01:25:33Z,2026-09-23T01:44:58Z,2026-09-23T02:11:10Z,0.0061,0.3236,0.4367,0.0886,0.0061,0.3236,0.4367,0.0886,0,1,True,0,False,
449,repo-03,True,OPEN,False,person-05,False,person-05;person-07,person-04;person-07;person-11;person-14,2,2,20,False,5420,62,2026-09-23T02:15:35Z,2026-09-25T06:51:03Z,2026-09-25T06:51:03Z,2026-09-23T07:21:54Z,,,5.1053,,,52.5911,5.1053,,,21.5911,0,15,True,0,False,
450,repo-03,True,MERGED,False,person-12,False,person-12,person-04;person-10,1,1,2,False,89,22,2026-09-23T03:44:05Z,2026-09-23T03:55:00Z,2026-09-23T03:44:05Z,2026-09-23T03:44:36Z,2026-09-23T04:59:56Z,2026-09-23T23:53:07Z,0.0086,1.2556,18.8864,0.0,0.0086,1.2556,3.3864,0.0,1,0,False,0,False,
451,repo-03,True,MERGED,False,person-12,False,person-12,person-04;person-07,1,1,4,False,151,20,2026-09-23T06:10:07Z,2026-09-24T00:20:37Z,2026-09-24T00:19:06Z,2026-09-23T06:10:53Z,2026-09-24T00:31:42Z,2026-09-24T00:33:47Z,0.0128,18.3469,0.0347,18.1497,0.0128,2.8469,0.0347,2.6497,1,2,True,0,False,
452,repo-03,True,MERGED,False,person-12,False,person-07;person-12,person-04;person-07,1,1,2,False,118,46,2026-09-24T01:36:29Z,2026-09-24T03:16:33Z,2026-09-24T01:36:29Z,2026-09-24T01:37:06Z,2026-09-24T04:08:54Z,2026-09-24T05:43:09Z,0.0103,2.53,1.5708,0.0,0.0103,2.53,1.5708,0.0,1,0,False,0,False,
453,repo-03,True,MERGED,False,person-10,False,person-10,person-04;person-08;person-12,2,1,3,False,9,185,2026-09-24T02:39:57Z,2026-09-24T06:46:36Z,2026-09-24T02:39:57Z,2026-09-24T05:41:38Z,2026-09-24T06:56:33Z,2026-09-25T04:21:57Z,3.0281,1.2486,21.4233,0.0,3.0281,1.2486,5.9233,0.0,2,0,False,0,False,
454,repo-03,True,MERGED,False,person-10,False,person-10,person-04;person-12,1,1,4,False,3,3,2026-09-24T05:52:28Z,2026-09-24T07:03:46Z,2026-09-24T06:52:34Z,2026-09-24T06:24:38Z,2026-09-24T07:13:07Z,2026-09-25T04:21:57Z,0.5361,0.8081,21.1472,1.0017,0.5361,0.8081,5.6472,1.0017,1,1,True,0,False,
455,repo-03,True,MERGED,False,person-12,False,person-12,person-04;person-10;person-11,2,1,4,False,135,10,2026-09-24T06:36:51Z,2026-09-24T23:13:59Z,2026-09-24T06:42:54Z,2026-09-24T06:37:30Z,2026-09-24T23:24:13Z,2026-09-25T04:21:57Z,0.0108,16.7786,4.9622,0.1008,0.0108,1.2786,4.9622,0.1008,1,1,True,0,False,
456,repo-03,True,MERGED,True,person-08,False,person-08,person-04;person-12,1,1,7,False,17,22,2026-09-24T07:32:08Z,2026-09-25T03:38:03Z,2026-09-25T02:01:35Z,2026-09-25T02:18:29Z,2026-09-25T03:48:21Z,,18.7725,1.4978,,18.4908,3.3081,1.4978,,3.0264,2,0,False,0,False,
457,repo-03,True,MERGED,False,person-11,False,person-11,person-04;person-10,1,1,2,False,150,4,2026-09-24T22:25:05Z,2026-09-24T22:54:55Z,2026-09-24T22:54:55Z,2026-09-24T22:47:21Z,2026-09-25T00:54:33Z,2026-09-25T04:21:57Z,0.3711,2.12,3.4567,0.4972,0.0,1.9092,3.4567,0.0,0,1,True,1,False,
458,repo-03,True,MERGED,False,person-12,False,person-12,person-04;person-07,1,1,4,False,156,156,2026-09-25T01:44:52Z,2026-09-25T03:13:16Z,2026-09-25T03:04:54Z,2026-09-25T01:45:23Z,2026-09-25T03:35:43Z,2026-09-25T04:21:57Z,0.0086,1.8389,0.7706,1.3339,0.0086,1.8389,0.7706,1.3339,1,1,True,0,False,
459,repo-03,True,MERGED,False,person-11,False,person-11,person-04;person-12,1,1,1,False,45,45,2026-09-25T03:46:56Z,2026-09-25T03:46:56Z,2026-09-25T03:46:56Z,2026-09-25T03:48:04Z,2026-09-25T05:41:33Z,,0.0189,1.8914,,0.0,0.0189,1.8914,,0.0,0,0,False,1,False,
460,repo-09,False,MERGED,False,person-11,False,person-11,person-04;person-08,1,1,2,False,1,1,2026-09-25T04:08:34Z,2026-09-25T04:20:03Z,2026-09-25T04:20:03Z,2026-09-25T04:09:21Z,2026-09-25T04:53:28Z,,0.0131,0.7353,,0.1914,0.0131,0.7353,,0.1914,0,1,True,0,False,
461,repo-06,False,OPEN,False,person-08,False,person-08,person-04,0,1,1,False,24,2,2026-09-25T04:50:24Z,2026-09-25T04:50:24Z,2026-09-25T04:50:24Z,2026-09-25T05:21:10Z,,,0.5128,,,0.0,0.5128,,,0.0,0,0,False,0,False,
462,repo-03,True,OPEN,True,person-08,False,person-08,person-04,0,1,2,False,65,148,2026-09-25T04:52:50Z,2026-09-25T05:48:03Z,2026-09-25T04:52:50Z,2026-09-25T05:48:00Z,,,0.9194,,,0.0,0.9194,,,0.0,1,0,False,0,False,
463,repo-03,True,OPEN,False,person-12,False,person-12,person-04,0,1,3,False,166,23,2026-09-25T06:09:27Z,2026-09-25T06:19:21Z,2026-09-25T06:19:21Z,2026-09-25T06:10:03Z,,,0.01,,,0.165,0.01,,,0.165,0,1,True,0,False,
464,repo-03,True,OPEN,True,person-11,False,person-11,,0,0,1,False,661,7,2026-09-25T07:31:43Z,2026-09-25T07:31:43Z,2026-09-25T07:31:43Z,,,,,,,0.0,,,,0.0,0,0,False,0,False,
